"title","totalScore","reviewsCount","reviewsDistribution","reviewsDistribution/fiveStar","reviewsDistribution/fourStar","reviewsDistribution/oneStar","reviewsDistribution/threeStar","reviewsDistribution/twoStar","reviewsTags/0/count","reviewsTags/0/title","reviewsTags/1/count","reviewsTags/1/title","reviewsTags/2/count","reviewsTags/2/title","reviewsTags/3/count","reviewsTags/3/title","reviewsTags/4/count","reviewsTags/4/title","reviewsTags/5/count","reviewsTags/5/title","reviewsTags/6/count","reviewsTags/6/title","reviewsTags/7/count","reviewsTags/7/title","reviewsTags/8/count","reviewsTags/8/title","reviewsTags/9/count","reviewsTags/9/title"
"Levi's Exclusive Store","1","3",,"0","0","3","0","0",,,,,,,,,,,,,,,,,,,,
"Levi's Exclusive Store","3.6","5",,"3","0","1","0","1","2","experience",,,,,,,,,,,,,,,,,,
"Levi's Exclusive Store","4.8","5",,"4","1","0","0","0",,,,,,,,,,,,,,,,,,,,
"Levi's Exclusive Store","3.2","38",,"15","4","12","4","3","2","sell","2","lie",,,,,,,,,,,,,,,,
"Levi's Exclusive Store","3.6","24",,"10","6","5","2","1",,,,,,,,,,,,,,,,,,,,
"Levi's Exclusive Store","3.9","33",,"17","8","5","2","1","2","satisfaction",,,,,,,,,,,,,,,,,,
"Levi's Exclusive Store","5","2",,"2","0","0","0","0",,,,,,,,,,,,,,,,,,,,
"Levi's Exclusive Store","3.9","49",,"26","11","9","2","1","7","experience","2","sales","2","behavior",,,,,,,,,,,,,,
"Levi's Exclusive Store","5","5",,"5","0","0","0","0",,,,,,,,,,,,,,,,,,,,
"Levi's Exclusive Store","3.6","37",,"15","7","6","8","1","2","experience",,,,,,,,,,,,,,,,,,
"Levi's Exclusive Store","4.1","82",,"48","14","7","8","5","3","sales",,,,,,,,,,,,,,,,,,
"Levi's Exclusive Store","4","54",,"21","16","2","14","1","3","brand",,,,,,,,,,,,,,,,,,
"Levi's Exclusive Store","3.8","11",,"7","0","2","1","1",,,,,,,,,,,,,,,,,,,,
"Levi's Exclusive Store","5","3",,"3","0","0","0","0",,,,,,,,,,,,,,,,,,,,
"Levi's Exclusive Store","4.3","26",,"21","1","4","0","0","3","experience",,,,,,,,,,,,,,,,,,
"Levi's Exclusive Store","4","118",,"67","24","21","6","0","13","experience","9","service","5","manager","4","jeans","4","behaviour","3","mall","3","brand","2","outlet","2","discounted","2","salesperson"
"Levi's Exclusive Store","4","81",,"35","29","6","9","2",,,,,,,,,,,,,,,,,,,,
"Levi's Exclusive Store","4.9","909",,"865","39","3","1","1","44","experience","29","good service","27","sales","10","hospitality","9","patient","6","showroom","6","happy","5","manager","5","patience","5","jeans"
"Levi's Exclusive Store","3.9","49",,"25","8","7","9","0","2","customer service","2","price",,,,,,,,,,,,,,,,
"Levi's Exclusive Store-Pune","4","522",,"238","149","47","69","19","28","jeans","23","experience","12","service","12","sales","7","discount","5","brand","4","manager","3","delivery","3","felt","2","showroom"
"Levi's Exclusive Store","4.4","178",,"124","27","8","16","3","5","experience","4","service","3","jeans","2","behaviour","2","showroom","2","sales",,,,,,,,
"Levi's Exclusive Store","4.2","25",,"16","5","3","1","0",,,,,,,,,,,,,,,,,,,,
"Levi's Exclusive Store - Bidar","4.8","76",,"70","4","2","0","0","5","experience","4","customer service","2","good service","2","behaviour",,,,,,,,,,,,
"Levi's Store","4","6",,"3","1","0","1","1",,,,,,,,,,,,,,,,,,,,
"Levi's Exclusive Store","5","31",,"30","1","0","0","0","5","experience","2","patient","2","knowledge","2","denim","2","selection",,,,,,,,,,
"Levi's Exclusive Store","3.8","161",,"70","40","22","23","6","5","jeans","3","customer service","2","heart","2","brand","2","prices",,,,,,,,,,
"Levi's Exclusive Store",,,,,,,,,,,,,,,,,,,,,,,,,,,,
"Levi's Exclusive Store","4.5","90",,"67","11","4","7","1","6","service","3","experience","3","job","3","jeans","2","behaviour","2","happy",,,,,,,,
"Levi's Store","3.9","9",,"5","0","1","3","0",,,,,,,,,,,,,,,,,,,,
"Levi's Exclusive Store","4.2","35",,"20","8","2","4","1","3","denim","2","cooperative","2","service",,,,,,,,,,,,,,
"Levi's Exclusive Store","4.2","25",,"13","9","2","0","1",,,,,,,,,,,,,,,,,,,,
"Levi's Exclusive Store","4.2","114",,"57","40","9","7","1","6","jeans","3","brand","2","fraud","2","sale",,,,,,,,,,,,
"Levi's Exclusive Store","3.6","9",,"2","5","2","0","0",,,,,,,,,,,,,,,,,,,,
"Levi's Exclusive Store","4.7","14",,"12","1","0","0","1",,,,,,,,,,,,,,,,,,,,
"Levi's Exclusive Store","3.7","10",,"6","1","3","0","0","2","customer service",,,,,,,,,,,,,,,,,,
"Levi's Exclusive Store","4.7","130",,"111","12","2","2","3","10","service","5","experience","3","salesman","2","behaviour","2","cooperative",,,,,,,,,,
"Levi's Exclusive Store","4.8","475",,"416","40","5","13","1","29","good service","25","experience","16","customer service","9","sales","5","jeans","5","polite","4","patient","4","cooperative","3","showroom","3","patience"
"Levi's Exclusive Store - SBE-Annanagar, Chennai","4.7","1480",,"1237","162","31","42","8","51","jeans","40","patient","38","polite","35","showroom","20","patience","18","good service","9","prasanth","8","collection","8","bala","6","jasmine"
"Levi's Exclusive Store","4.9","538",,"493","33","7","4","1","41","customer service","24","good service","24","experience","19","sales","10","shiva","8","team","5","jeans","4","happy","3","showroom","2","511"
"Levi's Exclusive Store","4.7","62",,"54","4","3","0","1","16","experience","6","customer service","6","choosing","5","jeans","4","m5 ecity mall","3","patient","3","sales",,,,,,
"Levi's Exclusive Store","5","33",,"32","1","0","0","0","4","customer service","4","experience","2","outlet","2","team",,,,,,,,,,,,
"Levi's Exclusive Store","4.1","40",,"20","10","2","7","1","4","experience","2","customer service",,,,,,,,,,,,,,,,
"Levi's Exclusive Store","4.1","438",,"220","115","40","49","14","24","jeans","13","experience","13","brand","10","discount","10","sale","9","price","8","casual","6","showroom","5","service","3","rude"
"Levi's Exclusive Store",,,,,,,,,,,,,,,,,,,,,,,,,,,,
"Levi's Exclusive Store","5","3",,"3","0","0","0","0",,,,,,,,,,,,,,,,,,,,
"Levi's Exclusive Store","4.8","716",,"602","78","9","25","2","198","service","29","sales","16","jeans","13","polite","12","showroom","10","happy","8","suggestion","8","patient","6","suriya","5","humble"
"Levi's Exclusive Store","4.9","402",,"366","26","6","2","2","45","customer service","31","experience","8","choosing","6","sales","5","hospitality","4","mall","4","jeans","4","employee","3","happy","2","collections"
"Levi's store","4.8","788",,"700","57","14","11","6","101","experience","61","service","37","jeans","35","selection","31","vr mall","31","patient","25","sales","10","showroom","7","abhinaya","5","VR"
"Levi's Exclusive Store","4.2","168",,"79","57","8","19","5","13","customer service","8","jeans","6","experience","5","showroom","3","outlet","3","parking","3","selection","3","price","2","behaviour",,
"Levi's Exclusive Store","4.9","270",,"246","16","3","5","0","14","experience","11","customer service","7","jeans","4","selection","4","sales","3","discount","2","employees","2","cooperation","2","color",,
"Levi's Exclusive Store",,,,,,,,,,,,,,,,,,,,,,,,,,,,
"Levi's Exclusive Store | Pottammal","4.4","123",,"87","20","12","3","1","12","customer service","12","experience","6","showroom","5","jeans","4","selection","3","patient","3","atmosphere","3","team","2","color","2","brand"
"Levi's Exclusive Store","4.8","15",,"12","3","0","0","0","3","experience",,,,,,,,,,,,,,,,,,
"Levi's Exclusive Store","5","137",,"135","1","1","0","0","30","customer service","13","nivetha","11","experience","3","jeans","3","colour","2","hospitality","2","sales","2","showroom","2","patient",,
"Levi's Exclusive Store","4.8","262",,"233","22","4","3","0","37","customer service","36","experience","14","choice","12","jeans","6","sales","5","showroom","3","suggestion","3","outlet","3","patient","2","fittings"
"Levis","4.9","1219",,"1078","124","8","6","3","147","customer service","82","experience","19","team","14","good service","13","hospitality","7","polite","7","need","7","happy","6","showroom","6","suggestion"
"Levi's Exclusive Store","4.9","851",,"792","48","7","4","0","88","service","76","experience","29","sales","26","choices","12","ms rajeswari","12","patient","12","polite","12","jeans","10","prozone mall","6","showroom"
"Levi's Exclusive Store","4.8","1291",,"1142","109","12","25","3","146","customer service","35","jeans","28","soundarya","25","showroom","22","vinoth","21","patient","18","good service","15","happy","8","ravi shankar","5","manikandan"
"Levi's Exclusive Store","4","142",,"65","43","14","15","5","9","customer service","6","experience","5","showroom","4","brand","2","accessories","2","jeans",,,,,,,,
"Levi's Exclusive Store","5","929",,"907","15","1","6","0","66","experience","41","good service","11","collection","5","brand","5","jeans","5","sales","4","suggestion","3","pasha","3","frndly","3","varieties"
"Levi's Exclusive Store","4.8","288",,"259","19","5","2","3","29","experience","23","customer service","9","pants","9","sales","8","team","6","vasanth","6","selection","5","showroom","4","patient","2","to alter"
"Levi's Exclusive Store","4.8","64",,"57","4","3","0","0","8","experience","4","manager","3","knowledge","3","jeans","3","sales","3","service","2","staff","2","behaviour","2","company",,
"Levi’s outlet","5","2",,"2","0","0","0","0",,,,,,,,,,,,,,,,,,,,
"Levi's Exclusive Store Brigade 2","4.8","230",,"208","9","10","2","1","36","experience","23","customer service","15","jeans","15","sales","13","choices","7","patient","7","team","7","knowledge","6","munna","3","priscilla"
"Levi's Store","3.9","79",,"36","22","10","10","1","5","mall","5","jeans","4","sale","3","brand","2","service","2","experience",,,,,,,,
"Hyderabadle Levi's Store location","4.7","409",,"349","30","10","16","4","27","experience","18","customer service","10","jeans","9","good service","8","sales","6","polite","6","brand","5","patience","3","namitha","3","altered"
"Levi's Factory Outlet","4","183",,"84","56","19","19","5","14","discounts","7","price","6","jeans","6","brand","5","sales","3","BEHAVIOR","3","polite","3","service","2","tailor","2","info"
"Levi's Habitat","4.8","421",,"368","28","10","12","3","57","experience","43","service","22","sales","9","jeans","6","behaviour","6","options","6","polite","5","patient","5","team","5","price"
"Levi's Exclusive Store","4.9","1110",,"1047","43","4","10","6","52","good service","25","experience","24","team","22","jeans","14","ad","9","collection","8","manager","8","patience","6","sales","5","happy"
"Levi's Exclusive Store","5","35",,"35","0","0","0","0","8","experience","3","suggestion","2","denim","2","outlet","2","customer service","2","the consultant",,,,,,,,
"Levi's Exclusive Store","4.7","332",,"260","49","7","12","4","33","service","20","experience","12","behaviour","9","rohit sharma","7","sales","5","showroom","5","cooperative","3","polite","3","knowledge","2","outlet"
"Levi's Exclusive Store","4.8","624",,"568","37","12","6","1","107","service","35","experience","34","pooja","19","sales","12","jeans","12","selection","7","polite","6","patient","6","mujahid","5","happy"
"Levi's Exclusive Store","4.7","685",,"580","65","10","22","8","128","service","30","sales","16","rama devi","11","patience","10","jeans","8","showroom","8","knowledge","7","vijay","5","explanation","5","polite"
"Levi's Exclusive Store","4.8","507",,"450","31","10","11","5","29","experience","26","customer service","16","sales","14","jeans","11","good service","9","collection","6","showroom","6","patient","5","happy","5","behaviour"
"Levi's Exclusive Store","4.9","799",,"737","41","12","6","3","36","good service","36","sales","29","ganesh","27","jeans","22","arbaaz","16","patient","15","patience","12","happy","7","collection","6","mohammad azharuddin"
"Levi's Exclusive Store","4.9","1204",,"1108","71","13","10","2","98","experience","90","service","29","sales","22","choice","11","jeans","8","knowledge","8","vijay","8","cooperative","7","polite","7","behaviour"
"Levi's Exclusive Store","4.8","185",,"159","17","2","5","2","17","service","5","experience","4","showroom","4","outlet","2","cooperative","2","team","2","sales",,,,,,
"Levi's Exclusive Store","4.3","181",,"100","59","7","9","6","15","customer service","8","experience","5","jeans","3","brand","2","mall",,,,,,,,,,
"Levi's Exclusive Store","4.8","1020",,"905","84","13","16","2","71","service","68","experience","19","staff","13","vijay","12","collection","9","choose","7","team","6","knowledge","5","hospitality","5","cooperative"
"Levi's Exclusive Store","3.9","31",,"17","5","6","3","0","5","jeans","2","discount","2","sale",,,,,,,,,,,,,,
"Levi's Exclusive Store","3.9","33",,"19","6","7","0","1",,,,,,,,,,,,,,,,,,,,
"Levi's Exclusive Store","4.3","540",,"314","139","30","46","11","24","jeans","20","experience","17","service","17","sales","10","discount","9","showroom","7","outlet","7","brand","6","price","5","floor"
"Levi's Exclusive Store","4.6","109",,"90","8","7","3","1","14","experience","13","sales","11","customer service","6","choices","3","outlet","3","behavior","2","patient","2","parking","2","jeans",,
"Levi's Exclusive Store","4.8","579",,"480","81","4","11","3","85","customer service","48","experience","11","selection","9","good service","8","showroom","8","priyanka","8","jeans","7","team","6","polite","5","knowledge"
"Levi's Exclusive Store","3.6","244",,"85","56","37","52","14","15","jeans","10","discount","9","service","7","price","4","rude","4","sales","2","options","2","showroom","2","factory outlet","2","hospitality"
"Levi's Exclusive Store","3.8","111",,"55","24","20","11","1","13","jeans","11","service","4","behaviour","4","brand name","4","choice","3","team","3","cooperative","3","mall","2","manners","2","manager"
"Levi's Exclusive Store","4.3","46",,"31","8","5","2","0","10","customer service","7","experience","6","jeans","3","outlet","2","brands","2","professional",,,,,,,,
"Levi's Exclusive Store","5","2",,"2","0","0","0","0",,,,,,,,,,,,,,,,,,,,
"Levi's Exclusive Store","4.5","54",,"35","13","1","4","1","3","experience","3","customer service",,,,,,,,,,,,,,,,
"Levi's Exclusive Store - RR Nagar","4.8","1020",,"899","95","12","10","4","121","experience","90","service","41","jeans","36","sales","28","patient","23","showroom","8","ranjitha","7","outlet","5","executive","5","job"
"Levi's Exclusive Store","4.2","295",,"166","73","22","23","11","23","experience","22","jeans","17","service","10","sales","5","patient","5","discount","4","team","3","patience","3","levies","2","akshay kumar"
"Levi's","4.8","917",,"809","86","4","17","1","119","customer service","70","experience","31","sales","18","good service","18","to choose","16","patient","13","jeans","9","showroom","6","polite","5","vineeth"
"Levi’s Exclusive Store I MG Road, Kochi","4.9","217",,"211","3","3","0","0","52","experience","37","customer service","11","sales","9","patient","8","to choose","6","denim","5","showroom","4","cooperative","3","atmosphere","3","outlet"
"Levi's Exclusive Store","3.8","89",,"44","18","18","8","1","10","parking","9","factory outlet","7","discount","6","experience","5","service","4","jeans","4","sales","3","airport","3","brand","2","energy"
"Levi's Exclusive Store","4.3","50",,"33","9","4","2","2","8","service","5","sales","4","factory outlet","2","trail","2","rooms","2","showroom","2","discount","2","design","2","name",,
"Levi's Exclusive Store","4.9","642",,"595","40","1","5","1","27","service","26","experience","7","choice","6","patient","5","denim","5","sales","4","knowledge","4","team","3","cooperative","2","collections"
"Levi's Exclusive Store","4.7","377",,"325","32","10","7","3","57","experience","52","customer service","20","sales","6","denim","6","discount","5","collection","5","showroom","5","happy","5","professional","5","choices"
"PETER ENGLAND","4","25",,"11","8","2","4","0",,,,,,,,,,,,,,,,,,,,
"Levi's Exclusive Store","3.5","25",,"15","1","9","0","0","7","experience","6","jeans","3","manager","3","customer service","3","price","2","inventory",,,,,,,,
"Levi's Exclusive Store",,,,,,,,,,,,,,,,,,,,,,,,,,,,
"Levi's Exclusive Store","4.1","202",,"122","37","24","17","2","22","experience","17","customer service","13","jeans","8","sales","7","nagma","7","brand","6","mall","5","store manager","2","pricing","2","ram"
"Levi's Exclusive Store","4","128",,"63","39","15","6","5","10","jeans","5","brand","5","sales","5","customer service","4","selection","3","mall","3","prices","2","experience","2","name",,
"Levi's Exclusive Store","3","10",,"4","1","4","0","1","2","jeans","2","customer service","2","experience","2","prices",,,,,,,,,,,,
"Levi's","5","1",,"1","0","0","0","0",,,,,,,,,,,,,,,,,,,,
"Levi's Exclusive Store","4.6","18",,"14","1","0","2","1","2","experience",,,,,,,,,,,,,,,,,,
"Levi's Exclusive Store","1","2",,"0","0","2","0","0",,,,,,,,,,,,,,,,,,,,
"Levi's Exclusive Store",,,,,,,,,,,,,,,,,,,,,,,,,,,,
"Levi’s Exclusive Store I KR Puram","4.8","52",,"47","2","2","0","1","9","experience","7","sales","4","service","3","patient","3","knowledge","2","jeans","2","selection","2","behaviour","2","price",,
"Levi's Store","3.9","22",,"10","6","3","2","1",,,,,,,,,,,,,,,,,,,,
"Levi's","3.5","2",,"0","1","0","1","0",,,,,,,,,,,,,,,,,,,,
"Levi's",,,,,,,,,,,,,,,,,,,,,,,,,,,,
"Levis Tailors","3.8","4",,"2","1","1","0","0",,,,,,,,,,,,,,,,,,,,
"Levi's Exclusive Store","5","1",,"1","0","0","0","0",,,,,,,,,,,,,,,,,,,,
"Levi's Exclusive Store","4","53",,"35","4","11","2","1","6","experience","3","park","3","sales","2","vehicle","2","calls","2","behaviour",,,,,,,,
"Levi’s Exclusive Store I Lulu Calicut","4.8","14",,"11","3","0","0","0","3","experience","3","lulu mall calicut","2","customer service",,,,,,,,,,,,,,
"Levi's Exclusive Store","4.9","1345",,"1229","84","10","20","2","54","experience","16","sales","15","good service","9","jeans","9","selection","7","discount","6","collection","6","staff","5","explanation","5","showroom"
"VOI JEANS Bhimavaram","4.6","19",,"16","1","1","1","0","3","customer service",,,,,,,,,,,,,,,,,,
"Levi's Showroom","4.9","725",,"665","44","10","5","1","34","experience","22","team","20","good service","19","jeans","8","behaviour","7","collection","7","hospitality","5","happy","5","cooperative","5","sales"
"Levi's Exclusive Store","5","3",,"3","0","0","0","0",,,,,,,,,,,,,,,,,,,,
"Levi's Exclusive Store","4.9","353",,"321","28","2","2","0","35","service","7","experience","4","collection","3","staff","3","cooperative","2","showroom","2","outlet","2","sasikala","2","people","2","polite"
"Levi's Exclusive Store","3.3","111",,"45","18","34","10","4","13","experience","13","customer service","12","jeans","10","sales","5","manager","5","nexus mall","5","colour","3","tailor","2","common sense","2","outlet"
"Pepe Jeans & Levi's Factory Outlet","4.8","73",,"66","4","2","1","0","7","price","2","money","2","brand",,,,,,,,,,,,,,
"Levi's Exclusive Store","4.9","846",,"808","30","4","4","0","50","customer service","49","experience","25","good service","13","hospitality","8","jeans","7","staff","6","brand","6","prices","6","knowledge","5","sales"
"Levi's Exclusive Store","4.8","611",,"537","40","15","16","3","40","good service","28","srividya","18","experience","11","team","10","patience","8","selections","7","jeans","5","maintenance","3","suggestions","3","combination"
"Levi's Exclusive Store","3.7","6",,"4","0","2","0","0",,,,,,,,,,,,,,,,,,,,
"LEVIS STORE","4.9","686",,"645","32","3","5","1","42","good service","39","experience","27","customer service","12","polite","8","collection","7","jeans","6","patient","5","options","5","team","5","brand"
"Levi's Exclusive Store","4.7","191",,"169","8","11","1","2","48","experience","33","suchitra","20","customer service","13","sales","13","choosing","10","denims","9","mall","8","behaviour","6","biswajit","5","suggestions"
"Levi's Exclusive Store","4.7","532",,"433","58","7","28","6","59","service","16","experience","14","ganesh","9","price","8","jeans","8","selection","6","sales","5","cooperative","5","brand","3","ramya"
"Levi's Exclusive Store","4.8","821",,"708","75","6","27","5","44","experience","40","customer service","40","vinitha","17","jeans","13","good service","11","patient","9","mall","9","patience","6","polite","5","size"
"Levi's Exclusive Store","4.9","49",,"45","4","0","0","0","8","team","3","jeans","2","service","2","prices",,,,,,,,,,,,
"Levi's Exclusive Store","4.7","484",,"399","57","5","17","6","50","experience","26","service","16","choosing","12","sales","10","jeans","8","mall","6","behaviour","5","outlet","5","cooperative","5","patient"
"Levi's Exclusive Store","4.8","454",,"390","49","4","9","2","28","experience","25","krishna","18","good service","12","customer service","8","salesman","5","tulasi","5","happy","4","polite","4","patience","2","combinations"
"Levi’s Exclusive Store I Sarjapur, Bangalore","4.6","112",,"95","5","9","0","3","17","experience","11","customer service","11","selection","8","sales","7","outlet","5","jeans","3","patient","3","kanchana","3","behaviour","2","combination"
"Levi's Exclusive Store","5","1",,"1","0","0","0","0",,,,,,,,,,,,,,,,,,,,
"Levis Exclusive Store ASILMETTA","4.9","3571",,"3387","159","14","8","3","87","good service","66","vijay","40","patient","40","jeans","36","collection","28","patience","22","polite","19","showroom","10","suggestion","5","chakra"
"Levi's Exclusive Store","3.7","33",,"21","2","10","0","0","8","experience","6","behaviour","3","customer service","2","staff","2","t-shirt",,,,,,,,,,
"Levi's exclusive store","5","1",,"1","0","0","0","0",,,,,,,,,,,,,,,,,,,,
"Levi's Exclusive Store","4.2","259",,"142","66","15","29","7","13","service","9","jeans","7","parking","6","showroom","4","sales","3","brand",,,,,,,,
"Levi's Exclusive Store","4.2","102",,"62","18","7","11","4","7","behaviour","4","experience","3","showroom","2","customer service","2","jeans","2","branded",,,,,,,,
"Levi's Exclusive Store","3.9","128",,"54","40","10","17","7","2","price",,,,,,,,,,,,,,,,,,
"Levi's Exclusive Store","4.1","56",,"29","15","5","6","1","3","management","3","experience","2","mall","2","jeans",,,,,,,,,,,,
"Levi's Exclusive Store","4.2","92",,"49","25","6","10","2","5","experience","5","showroom","2","washing","2","number","2","knowledge","2","jeans","2","service",,,,,,
"Levi's Exclusive Store","4.2","37",,"21","9","3","4","0","2","service",,,,,,,,,,,,,,,,,,
"Levi's Exclusive Store","4.4","107",,"68","26","4","6","3","5","sales","3","behavior",,,,,,,,,,,,,,,,
"Levi's Exclusive Store","4.4","10",,"5","4","0","1","0",,,,,,,,,,,,,,,,,,,,
"Levi's Exclusive Store",,,,,,,,,,,,,,,,,,,,,,,,,,,,
"Levi's Exclusive Store","4.2","243",,"133","63","13","26","8","16","jeans","7","experience","6","showroom","6","behaviour","6","sales","5","service","4","polite","4","discounts","3","AC","3","outlet"
"Levi's Exclusive Store","4.7","13",,"12","0","1","0","0",,,,,,,,,,,,,,,,,,,,
"Levi's Exclusive Store","1.9","8",,"1","1","6","0","0","3","customer service","2","palladium mall","2","jeans",,,,,,,,,,,,,,
"Levis Means Wear","2.7","3",,"1","0","1","0","1",,,,,,,,,,,,,,,,,,,,
"Levi's Exclusive Store","2.3","3",,"1","0","2","0","0",,,,,,,,,,,,,,,,,,,,
"Levi's Exclusive Store","4.3","75",,"47","15","4","4","5","2","jeans","2","customer service","2","experience",,,,,,,,,,,,,,
"Levi's Exclusive Store","4.4","38",,"22","9","0","6","1","2","team",,,,,,,,,,,,,,,,,,
"VAGISHA WARDROBE (Puma, Levi's, jockey collection)","4.9","52",,"50","0","1","1","0","6","service","3","experience","2","needs","2","shoes","2","jeans",,,,,,,,,,
"KESARIYA (LEVI'S , INDIAN TERRAIN, UCB , PUMA , SPYKAR )","4.5","35",,"25","6","2","2","0","2","fashion",,,,,,,,,,,,,,,,,,
"Levi's Showroom","3.5","21",,"5","8","3","4","1",,,,,,,,,,,,,,,,,,,,
"Levi's Exclusive Store","4.2","135",,"76","29","10","16","4","4","service",,,,,,,,,,,,,,,,,,
"Venkateshwara Garments","3.7","27",,"9","5","1","11","1","4","levi's","3","jeans",,,,,,,,,,,,,,,,
"Levi's Exclusive Store","4.8","2139",,"1802","281","15","35","6","111","experience","34","good service","18","team","15","jeans","13","showroom","8","abraham","7","polite","6","collection","6","gautami","6","ranjita"
"Levi's Exclusive Store","4.7","1510",,"1161","226","19","91","13","54","experience","17","brand","15","sales","13","good service","9","tshirt","9","cooperative","8","staff","5","hospitality","5","denim","5","polite"
"Levi's Exclusive Store","3.8","16",,"9","3","4","0","0","4","jeans","2","sale",,,,,,,,,,,,,,,,
"Levi's Exclusive Store","3.9","27",,"14","6","4","1","2","2","prices","2","window","2","experience",,,,,,,,,,,,,,
"Levi's Exclusive Store","4.1","548",,"292","142","42","51","21","18","sales","16","service","16","experience","11","denim","9","brand","7","choice","6","bill","6","prices","5","manager","4","team"
"Levi's Exclusive Store","3.6","170",,"73","37","37","16","7","9","jeans","9","sales","6","mall","6","discounted","6","brand","3","name","2","options","2","varieties","2","pay","2","behaviour"
"Levi's Exclusive Store","3.8","160",,"50","66","18","21","5","12","jeans","4","experience","3","salesperson","2","number","2","varieties","2","options","2","knowledge","2","discount",,,,
"Levi's Exclusive Store","3.9","53",,"23","17","7","6","0","5","customer service","3","jeans","2","number","2","sales","2","price",,,,,,,,,,
"Levi's Exclusive Store","3.8","70",,"27","24","7","7","5","8","jeans","3","outlet","3","customer service","2","brand",,,,,,,,,,,,
"Levi's Exclusive Store","4.3","123",,"60","46","4","10","3","4","choice","4","sales","3","jeans","3","season","2","length",,,,,,,,,,
"Levi's Exclusive Store","4.1","78",,"42","17","5","11","3","5","experience","2","sales","2","customer service",,,,,,,,,,,,,,
"Levi's Exclusive Store",,,,,,,,,,,,,,,,,,,,,,,,,,,,
"Levi’s clothing","5","1",,"1","0","0","0","0",,,,,,,,,,,,,,,,,,,,
"Levi's Exclusive Store","4.4","23",,"16","3","1","3","0","2","experience","2","cooperative",,,,,,,,,,,,,,,,
"Levi's Exclusive Store","5","1",,"1","0","0","0","0",,,,,,,,,,,,,,,,,,,,
"Levi's Exclusive Store","4.4","51",,"33","11","4","3","0","3","discount","3","prices","2","sales","2","brand","2","service","2","experience",,,,,,,,
"Levi's Exclusive Store","4.2","86",,"43","28","6","7","2","3","jeans","3","sale","2","experience","2","waist","2","number","2","choice","2","price",,,,,,
"Levi's Exclusive Store","4.4","10",,"7","0","0","3","0",,,,,,,,,,,,,,,,,,,,
"Levi's Exclusive Store","3.6","25",,"12","4","6","3","0","3","mall","2","jeans",,,,,,,,,,,,,,,,
"Levi's Exclusive Store","4.3","32",,"21","4","2","5","0","3","experience","2","jeans",,,,,,,,,,,,,,,,
"Levi's Exclusive Store","3.5","142",,"43","44","23","25","7","4","jeans","4","sale","4","brand",,,,,,,,,,,,,,
"Levi's Exclusive Store","4.2","277",,"151","71","22","26","7","16","jeans","9","discount","8","sales","7","brand","6","choice","5","experience","5","service","2","bootcut","2","store manager","2","model"
"Levi’s","3.7","28",,"11","7","4","4","2","3","discounts","2","sale",,,,,,,,,,,,,,,,
"Levi's Exclusive Store","4.6","62",,"54","3","4","0","1","13","service","2","design","2","salesperson",,,,,,,,,,,,,,
"Levi's Exclusive Store","4.4","5",,"2","3","0","0","0",,,,,,,,,,,,,,,,,,,,
"Levi's Exclusive Store","4.3","556",,"301","163","27","57","8","12","brand","9","service","8","sales","6","denim","4","mall","4","discount","4","experience","3","outlet","3","t shirt","2","showroom"
"Levi's Exclusive Store","2","4",,"1","0","3","0","0",,,,,,,,,,,,,,,,,,,,
"Levi's Exclusive Store","3.6","35",,"19","4","11","1","0","4","store manager","3","experience","3","denims","3","choose","2","service","2","behaviour","2","sales",,,,,,
"Levi's Exclusive Store","4.2","146",,"84","36","14","9","3","8","jeans","2","money","2","service","2","return","2","brand","2","price",,,,,,,,
"Levi's Fashion","5","1",,"1","0","0","0","0",,,,,,,,,,,,,,,,,,,,
"Levi's Exclusive Store","4","74",,"35","21","7","11","0","3","experience","2","sale",,,,,,,,,,,,,,,,
"Levi's Exclusive Store","3.9","27",,"12","8","4","3","0",,,,,,,,,,,,,,,,,,,,
"Levi's Exclusive Store","3.9","94",,"48","19","15","9","3","7","jeans","4","sales","3","experience","2","behavior","2","customer service","2","management",,,,,,,,
"Levi's Exclusive Store","3.8","61",,"24","18","7","9","3",,,,,,,,,,,,,,,,,,,,
"Levi's Exclusive Store","3.9","209",,"103","55","33","12","6","9","experience","8","customer service","6","denim","6","brand","5","showroom","5","behavior","4","tshirts","3","mall","3","bill","2","number"
"Levi's Exclusive Store","4.1","28",,"19","2","5","2","0","2","jeans","2","showroom",,,,,,,,,,,,,,,,
"Levi's Exclusive Store","4.4","26",,"21","1","3","0","1","5","jeans","4","experience","3","customer service","2","understanding","2","shop again","2","mall","2","team",,,,,,
"Levi's Exclusive Store","4.2","149",,"79","39","8","16","7","9","jeans","3","brand",,,,,,,,,,,,,,,,
"Levi's Exclusive Store","4.5","37",,"25","9","1","1","1","4","experience","2","polite","2","knowledge","2","jeans",,,,,,,,,,,,
"Levi's Exclusive Store","4.5","4",,"3","0","0","1","0",,,,,,,,,,,,,,,,,,,,
"Levi's Store","5","3",,"3","0","0","0","0",,,,,,,,,,,,,,,,,,,,
"Levi's Exclusive Store","4.4","67",,"50","9","5","1","2","11","experience","7","jeans","4","cooperative","3","team","3","price","2","average",,,,,,,,
"Levi's kohara","4.7","7",,"5","2","0","0","0","2","discount",,,,,,,,,,,,,,,,,,
"Levi's Exclusive Store","5","5",,"5","0","0","0","0",,,,,,,,,,,,,,,,,,,,
"Levi's Exclusive Store","4.8","5",,"4","1","0","0","0",,,,,,,,,,,,,,,,,,,,
"Levi's Exclusive Store",,,,,,,,,,,,,,,,,,,,,,,,,,,,
"Levi's Exclusive Store","4.1","57",,"32","12","7","5","1","3","customer service","3","experience","2","manager",,,,,,,,,,,,,,
"Levi's","4","44",,"22","8","3","9","2",,,,,,,,,,,,,,,,,,,,
"Levi's Exclusive Store","4.2","200",,"106","61","15","16","2","8","jeans","4","behaviour","4","experience","3","showroom","3","sales","2","atmosphere","2","color","2","brand","2","service",,
"Levi's Exclusive Store","3.9","45",,"21","11","5","4","4","2","sale",,,,,,,,,,,,,,,,,,
"Levis factory outlet","4.1","25",,"15","5","3","1","1","2","jeans","2","behaviour",,,,,,,,,,,,,,,,
"Levi's Exclusive Store","4.4","33",,"20","8","0","3","2",,,,,,,,,,,,,,,,,,,,
"Levi's Exclusive Store","4.3","6",,"5","0","1","0","0",,,,,,,,,,,,,,,,,,,,
"Levi's Exclusive Store","1","1",,"0","0","1","0","0",,,,,,,,,,,,,,,,,,,,
"Levi's Exclusive Store","4.2","11",,"8","1","2","0","0","3","customer service","2","promotions",,,,,,,,,,,,,,,,
"Levi's Exclusive Store","5","2",,"2","0","0","0","0",,,,,,,,,,,,,,,,,,,,
"Levi's Exclusive Store",,,,,,,,,,,,,,,,,,,,,,,,,,,,
"Levi's Exclusive Store","3.4","19",,"8","2","5","3","1",,,,,,,,,,,,,,,,,,,,
"Levi's Exclusive Store",,,,,,,,,,,,,,,,,,,,,,,,,,,,
"Levi's Exclusive Store","3.7","11",,"7","0","3","1","0","2","family","2","experience","2","sales",,,,,,,,,,,,,,
"Levi's Exclusive Store","4","4",,"3","0","1","0","0",,,,,,,,,,,,,,,,,,,,
"Levi's Exclusive Store",,,,,,,,,,,,,,,,,,,,,,,,,,,,
"Levi's Exclusive Store","4.4","50",,"30","13","1","4","2",,,,,,,,,,,,,,,,,,,,
"Levi's Exclusive Store","2.2","24",,"5","2","15","1","1","7","experience","2","sales","2","warranty","2","showroom","2","management","2","professional","2","behaviour","2","customer service",,,,
"Levi's Exclusive Store","4","118",,"60","29","10","12","7","4","service",,,,,,,,,,,,,,,,,,
"Levi's Exclusive Store",,,,,,,,,,,,,,,,,,,,,,,,,,,,
"Levi's Exclusive Store","4","9",,"5","2","1","0","1",,,,,,,,,,,,,,,,,,,,
"Levi's Exclusive Store","4.9","15",,"13","2","0","0","0","2","jeans","2","behaviour",,,,,,,,,,,,,,,,
"Levi's Exclusive Store","4.3","30",,"17","8","2","3","0","2","cooperative",,,,,,,,,,,,,,,,,,
"Levi's Exclusive Store","1","1",,"0","0","1","0","0",,,,,,,,,,,,,,,,,,,,
"Levi's Exclusive Store","4.8","18",,"17","0","0","0","1",,,,,,,,,,,,,,,,,,,,
"Levi's Exclusive Store",,,,,,,,,,,,,,,,,,,,,,,,,,,,
"Levi’s Exclusive Store I Kollam","5","148",,"142","6","0","0","0","19","customer service","13","experience","7","selection","3","behaviour",,,,,,,,,,,,
"Levi's Exclusive Store | Adoor","4.7","7",,"6","0","0","1","0","2","prices",,,,,,,,,,,,,,,,,,
"Levi's Store","4.2","6",,"4","1","1","0","0",,,,,,,,,,,,,,,,,,,,
"Levi's Exclusive Store","4.5","22",,"18","2","2","0","0",,,,,,,,,,,,,,,,,,,,
"Levi's Exclusive Store","5","1",,"1","0","0","0","0",,,,,,,,,,,,,,,,,,,,
"Levi's Exclusive Store","5","8",,"8","0","0","0","0","2","experience",,,,,,,,,,,,,,,,,,
"Levi's","3","1",,"0","0","0","1","0",,,,,,,,,,,,,,,,,,,,
"Levi's Exclusive Store | Thalassery","5","9",,"9","0","0","0","0",,,,,,,,,,,,,,,,,,,,
"Levi's Exclusive Store","4.8","898",,"818","57","15","4","4","99","experience","91","customer service","41","jeans","26","patient","22","nexus mall","14","showroom","12","good service","7","varieties","7","size","5","hariharan"
"Levi's Exclusive Store","3.8","48",,"24","9","10","4","1","6","service","3","jeans","3","experience",,,,,,,,,,,,,,
"Levi's Exclusive Store","4.4","134",,"89","25","6","13","1","9","experience","7","jeans","5","behaviour","4","brand","2","patient","2","service","2","mall","2","choice","2","selling","2","price"
"Levi's Exclusive Store","4.2","31",,"20","5","4","1","1","2","brand",,,,,,,,,,,,,,,,,,
"Levi's Exclusive Store","4.3","852",,"515","212","48","61","16","47","experience","41","jeans","24","south city mall","24","sales","21","brand","16","behaviour","16","customer service","14","to choose","9","discounts","5","manager"
"Levi's Exclusive Store","4","140",,"63","41","10","22","4","3","brand","2","cooperative",,,,,,,,,,,,,,,,
"Levi's Exclusive Store","4.2","350",,"191","99","25","26","9","25","experience","16","jeans","12","choice","11","sales","10","service","7","showroom","7","deals","6","price","5","knowledge","5","brand"
"Levi's Exclusive Store","4.2","221",,"125","55","11","19","11","12","jeans","8","behaviour","4","showroom","3","brand","2","experience","2","mall","2","discount","2","price",,,,
"Levi’s Exclusive Store I Manjeri","5","34",,"33","1","0","0","0","10","experience","5","customer service","2","selection",,,,,,,,,,,,,,
"Levi's Exclusive Store","4.7","57",,"49","4","2","1","1","11","customer service","6","experience","4","mall","2","jeans","2","sales",,,,,,,,,,
"Levi's Exclusive Store","4.3","121",,"69","30","4","11","7","2","denim",,,,,,,,,,,,,,,,,,
"Levi's Exclusive Store","4.2","53",,"36","5","7","3","2","9","experience","7","jeans","5","service","3","communication","3","delivery","3","sales","3","team","2","mind","2","knowledge","2","traveling"
"Levi’s Exclusive Store I Hilite Thrissur","4.9","17",,"16","1","0","0","0","2","name","2","customer service","2","experience",,,,,,,,,,,,,,
"Levi's Exclusive Store","4.9","1511",,"1421","57","19","11","3","53","sultan","52","jeans","44","patient","43","good service","36","prabhakaran","22","express avenue","11","rizwan","8","karthika","7","m manikandan","5","mr. bharath"
"Levi's Exclusive Store","4.7","481",,"401","62","11","5","2","26","experience","15","good service","15","jeans","12","brand","11","sales","8","discount","5","behaviour","5","happy","4","showroom","4","outlet"
"Levi's Exclusive Store","4.7","470",,"377","53","8","23","9","47","customer service","18","experience","16","vasanth","15","sales","13","team","12","good service","10","jeans","6","choosing","5","showroom","2","harish kumar"
"Levi’s Jayanagar","5","2",,"2","0","0","0","0",,,,,,,,,,,,,,,,,,,,
"Levi's Exclusive Store","4.2","549",,"288","148","34","66","13","32","jeans","28","service","18","experience","16","sales","8","showroom","8","to choose","6","prices","4","store manager","4","patient","3","patience"
"Levi's Exclusive Store",,,,,,,,,,,,,,,,,,,,,,,,,,,,
"Levi's Exclusive Store","4.8","332",,"284","34","4","7","3","25","service","5","experience","3","behaviour","3","sales","3","jean","2","team","2","price",,,,,,
"Levi's Exclusive Store","4.2","114",,"72","18","11","9","4","10","experience","8","customer service","6","jeans","5","team","4","sales","4","patient","2","patience","2","brand",,,,
"Levi's Exclusive Store","4","3",,"1","1","0","1","0",,,,,,,,,,,,,,,,,,,,
"Levi's Exclusive Store","4","23",,"10","6","1","5","1",,,,,,,,,,,,,,,,,,,,
"Levi's","4.2","145",,"84","28","5","23","5","10","service","7","jeans","7","experience","3","mantri mall","3","sales","2","understanding","2","discount","2","team","2","choice",,
"Levi's Exclusive Store",,,,,,,,,,,,,,,,,,,,,,,,,,,,
"Levi's Exclusive Store","4.4","192",,"140","24","17","7","4","31","experience","19","service","12","sales","11","jeans","7","manager","6","patient","6","brand","4","happy","3","collections","3","commercial street"
"Levi's Exclusive Store","2.5","2",,"0","1","1","0","0",,,,,,,,,,,,,,,,,,,,
"Levi's Exclusive Store","3.7","282",,"115","68","50","37","12","24","jeans","20","customer service","15","sales","14","experience","12","behavior","9","rude","3","alter","3","showroom","3","tailor","2","coupons"
"New Levis Chikkajala","5","5",,"5","0","0","0","0",,,,,,,,,,,,,,,,,,,,
"Levi's Exclusive Store","3.3","4",,"1","1","1","1","0",,,,,,,,,,,,,,,,,,,,
"Levi's Exclusive Store","4","67",,"39","8","9","10","1","11","experience","9","jeans","8","service","2","behaviour","2","invoice","2","sales",,,,,,,,
"Levi's Exclusive Store","5","1",,"1","0","0","0","0",,,,,,,,,,,,,,,,,,,,
"Levi's Exclusive Store","5","5",,"5","0","0","0","0",,,,,,,,,,,,,,,,,,,,
"Levi's Exclusive Store","4.6","448",,"353","61","22","8","4","27","customer service","21","experience","13","good service","12","sales","10","chandru","7","polite","7","to choose","5","team","5","jeans","3","coupons"
"levi's store","3.6","12",,"5","3","3","1","0",,,,,,,,,,,,,,,,,,,,
"Levi's Exclusive Store","5","5",,"5","0","0","0","0",,,,,,,,,,,,,,,,,,,,
"Levi's Exclusive Store","4.9","736",,"674","44","7","7","4","20","experience","10","good service","10","brand","9","jeans","8","staff","8","team","7","sales","5","renovation","5","hyder ali","4","showroom"
"Levi's Exclusive Store","4.9","437",,"388","42","2","5","0","28","experience","24","service","9","behaviour","8","cooperative","5","manager","5","selection","4","collections","4","jeans","3","darshan","2","talking"
"Levi's Exclusive Store","4.8","1096",,"938","125","11","15","7","60","experience","45","good service","18","tailor","11","cooperative","10","showroom","9","team","8","patient","6","chiranjeevi","6","knowledge","5","pants"
"Lee ( factory outlet )","4","12",,"9","0","3","0","0",,,,,,,,,,,,,,,,,,,,
"Levi's Exclusive Store","4.7","566",,"455","83","8","16","4","32","service","21","experience","11","team","6","discounts","5","sales","4","staff","3","communicate","3","polite","3","cooperative","2","sir"
"Levi's Exclusive Store","4.3","65",,"39","11","2","13","0","4","jeans","2","experience",,,,,,,,,,,,,,,,
"Levi's Exclusive Store","4.3","69",,"45","14","6","3","1","8","customer service","8","experience","4","hilite mall","4","team","3","showroom","3","management","3","brand","2","noon","2","january","2","jeans"
"Levi's Exclusive Store","4.7","370",,"306","40","10","11","3","39","service","16","experience","11","sales","7","suggestions","4","collection","4","polite","4","skills","3","imran khan","3","jeans","2","interaction"
"Levi's Exclusive Store | Vatakara","5","12",,"12","0","0","0","0",,,,,,,,,,,,,,,,,,,,
"Levi's Exclusive Store","4.7","799",,"639","96","22","33","9","88","experience","79","service","32","jeans","31","sridevi","25","sales","16","patient","9","patience","8","suggestions","7","collection","5","lakshman"
"Levi's Exclusive Store","3.7","7",,"4","1","2","0","0","2","casual",,,,,,,,,,,,,,,,,,
"Levi's Exclusive Store","4.3","4",,"2","1","0","1","0",,,,,,,,,,,,,,,,,,,,
"Levi's",,,,,,,,,,,,,,,,,,,,,,,,,,,,
"Levi's GVK One Mall","4.7","892",,"718","116","16","34","8","31","good service","19","jeans","15","team","14","ganesh","14","patient","13","patience","10","babitha","9","collection","9","polite","9","happy"
"Levi's Exclusive Store","4.7","652",,"545","76","13","13","5","48","experience","41","service","17","jeans","13","team","12","choices","11","sales","5","patient","4","chaitra","4","knowledge","3","cooperative"
"Levi's Exclusive Store","4.3","82",,"58","11","9","3","1","14","experience","7","customer service","6","patient","6","selection","5","jeans","5","price","4","outlet","3","showroom","3","discount","2","to exchange"
"Levis Lulu Mall","4.6","53",,"43","6","3","1","0","7","service","5","team","5","experience",,,,,,,,,,,,,,
"Levi's Exclusive Store","4.8","1396",,"1194","144","22","28","8","54","service","38","experience","14","sandesh","13","jeans","9","sales","7","savithri","6","staff","6","patient","5","cooperative","5","selection"
"LEVIS","4.8","1500",,"1309","134","10","36","11","60","good service","18","jeans","12","happy","10","hospitality","9","need","8","collection","7","naresh","6","apostle","6","varieties","5","sunitha"
"Levi's Exclusive Store","4.9","401",,"375","19","2","4","1","20","service","19","experience","6","jeans","5","sales","5","selection","3","cooperative","2","showroom","2","team","2","happy","2","outlet"
"Levi's Exclusive Store","3.9","576",,"278","150","71","54","23","39","service","34","experience","33","jeans","33","sales","13","choice","11","brand","7","outlet","6","rooms","5","showroom","5","team"
"Levi's Exclusive Store","4.3","1803",,"1084","453","91","137","38","89","service","48","sales","36","denim","24","baby","20","discounts","18","jacket","17","showroom","16","guru","12","afridi","8","understanding"
"LEVI'S - Balaji Retail","4.7","575",,"476","53","16","27","3","69","experience","24","selection","20","patient","14","suggestions","14","knowledge","11","good service","10","patience","9","denim","7","sarath city capital mall","7","vijay"
"Levi's Exclusive Store","4.8","5",,"4","1","0","0","0",,,,,,,,,,,,,,,,,,,,
"Levi's Exclusive Store","2.5","6",,"2","0","3","0","1","2","jeans",,,,,,,,,,,,,,,,,,
"Levi's Exclusive Store","3.7","192",,"73","57","26","27","9","11","jeans","9","brand","9","experience","6","customer service","4","happy","4","sales","3","discount","3","price","2","cooperative","2","team"
"Levi's Exclusive Store","3.9","14",,"7","4","2","0","1",,,,,,,,,,,,,,,,,,,,
"Levi's Exclusive Store","4.2","147",,"79","47","11","6","4","7","jeans","3","experience","3","brands","2","service",,,,,,,,,,,,
"Levi's Exclusive Store","4.1","116",,"60","32","9","11","4","2","outlets",,,,,,,,,,,,,,,,,,
"Levi's Exclusive Store","3.8","31",,"17","5","7","2","0","4","experience","2","sale","2","exchange",,,,,,,,,,,,,,
"Levi's Exclusive Store","4.1","125",,"68","27","11","12","7","6","experience","3","t-shirts","3","choice","2","patient","2","customer service","2","showroom","2","denim","2","mall",,,,
"Levi's Exclusive Store","3","2",,"1","0","1","0","0",,,,,,,,,,,,,,,,,,,,
"Levi's Exclusive Store","5","1",,"1","0","0","0","0",,,,,,,,,,,,,,,,,,,,
"Levi's Exclusive Store","4","27",,"13","7","3","4","0",,,,,,,,,,,,,,,,,,,,
"Levi's Exclusive Store",,,,,,,,,,,,,,,,,,,,,,,,,,,,
"Levi's Exclusive Store","3","2",,"1","0","1","0","0",,,,,,,,,,,,,,,,,,,,
"Levi's Exclusive Store","4","101",,"45","32","7","15","2","5","denim","4","behaviour","4","experience","3","brand","2","sales","2","accessories",,,,,,,,
"Levi's Exclusive Store","2.8","12",,"3","3","5","0","1","2","fittings","2","jeans",,,,,,,,,,,,,,,,
"Levi's Exclusive Store","4.2","30",,"18","6","3","2","1","3","service",,,,,,,,,,,,,,,,,,
"Levi's Exclusive Store","4","65",,"38","12","9","3","3","4","service","3","jeans","3","sale","2","brand",,,,,,,,,,,,
"Levi's Exclusive Store",,,,,,,,,,,,,,,,,,,,,,,,,,,,
"Levi's Exclusive Store","4","210",,"112","40","27","28","3","5","brand","4","store manager","4","service","3","behaviour","3","experience","2","sales","2","denim",,,,,,
"Levi's Exclusive Store","3.4","44",,"16","9","12","6","1","2","knowledge","2","customer service","2","jeans",,,,,,,,,,,,,,
"Levi's Exclusive Store","4.5","2",,"1","1","0","0","0",,,,,,,,,,,,,,,,,,,,
"Levi's Exclusive Store","4","10",,"7","0","2","1","0","3","service","2","exchange","2","jeans","2","price",,,,,,,,,,,,
"LEVIS KHARGHAR","3.4","27",,"12","4","9","2","0","5","jeans","4","sale","3","choices","2","number","2","management","2","customer service",,,,,,,,
"Levis Store","3.7","58",,"22","17","9","9","1","3","jeans","3","experience","2","discount",,,,,,,,,,,,,,
"Levi's Exclusive Store","3.6","109",,"46","26","24","9","4","11","jeans","7","experience","4","manager","3","oberoi mall","3","service","2","sales","2","discount",,,,,,
"Levi's Exclusive Store","4.1","86",,"45","21","4","11","5",,,,,,,,,,,,,,,,,,,,
"Levi's Exclusive Store","3.9","130",,"60","32","12","21","5","8","sales","6","jeans","4","experience","2","exchange","2","mall","2","size","2","discount","2","cashier","2","pay","2","brand"
"Levi's Exclusive Store","4","71",,"33","21","7","9","1","3","brand","3","customer service",,,,,,,,,,,,,,,,
"Levi's Exclusive Store","3.9","16",,"11","1","4","0","0","2","t-shirt",,,,,,,,,,,,,,,,,,
"Levi's Exclusive Store","4.2","43",,"26","10","5","2","0","2","service",,,,,,,,,,,,,,,,,,
"Levi's Exclusive Store","4.2","205",,"102","60","11","30","2","8","prices","5","sales","4","service","3","jeans","2","outlet",,,,,,,,,,
"Levi's Exclusive Store","4","340",,"161","90","28","50","11","9","jeans","6","price","4","sales","4","rooms","4","brands","3","options","3","mall","3","customer service","2","number","2","discounts"
"Levis","4.1","34",,"19","7","3","4","1","3","factory outlet","3","discount","2","sales","2","jeans",,,,,,,,,,,,
"Levi's Exclusive Store","4","129",,"61","35","13","14","6","4","brand","2","mall","2","sell","2","behaviour","2","service",,,,,,,,,,
"Levi's Exclusive Store","3.9","41",,"18","10","5","8","0",,,,,,,,,,,,,,,,,,,,
"Levi's","4","213",,"99","64","25","20","5","12","jeans","7","customer service","5","price","4","discount","4","sales","3","mall","3","brand","2","money","2","to alter","2","outlet"
"Levi's Exclusive Store","3.7","100",,"43","27","19","9","2","13","jeans","4","service","4","experience","3","outlet","3","mall","2","cost","2","colours","2","brand","2","prices",,
"Levi's Exclusive Store","4","87",,"44","25","11","5","2","5","jeans","4","sales",,,,,,,,,,,,,,,,
"Levi's Exclusive Store","4","86",,"44","22","11","9","0","10","brand","9","jeans","5","experience","4","sales","2","number","2","co operative","2","discount","2","price",,,,
"Trendz Emporio","4.6","14",,"11","2","1","0","0",,,,,,,,,,,,,,,,,,,,
"Levi's Exclusive Store","4.2","172",,"86","57","7","17","5","4","experience","2","service","2","price",,,,,,,,,,,,,,
"Levi's Exclusive Store","4.1","108",,"50","35","6","15","2","3","behavior","2","salesman","2","service",,,,,,,,,,,,,,
"Levi's","3.7","3",,"2","0","1","0","0",,,,,,,,,,,,,,,,,,,,
"Levi's Exclusive Store","3","2",,"1","0","1","0","0",,,,,,,,,,,,,,,,,,,,
"Levi's Exclusive Store","4.3","61",,"34","20","4","2","1","2","jeans","2","mall","2","brand",,,,,,,,,,,,,,
"Levi's Exclusive Store","3.7","14",,"4","5","1","3","1","2","mall",,,,,,,,,,,,,,,,,,
"Levi's","3.8","50",,"26","9","10","3","2","3","billing","3","fraud",,,,,,,,,,,,,,,,
"Levi's Exclusive Store","5","2",,"2","0","0","0","0",,,,,,,,,,,,,,,,,,,,
"Levi's Exclusive Store","4.4","19",,"15","1","2","1","0","2","sales",,,,,,,,,,,,,,,,,,
"Levi's Exclusive Store","5","1",,"1","0","0","0","0",,,,,,,,,,,,,,,,,,,,
"Levi's Exclusive Store","4.1","72",,"37","18","5","10","2",,,,,,,,,,,,,,,,,,,,
"Levi's Exclusive Store","3.2","31",,"10","5","10","6","0","2","experience",,,,,,,,,,,,,,,,,,
"Levi's Exclusive Store","5","4",,"4","0","0","0","0",,,,,,,,,,,,,,,,,,,,
"Levi's Exclusive Store","4","47",,"23","15","7","2","0","3","behaviour","2","new manager",,,,,,,,,,,,,,,,
"Levi's Exclusive Store","3.6","77",,"26","19","11","16","5","2","priced",,,,,,,,,,,,,,,,,,
"Levi's jeans","4.8","4",,"3","1","0","0","0",,,,,,,,,,,,,,,,,,,,
"Levi's","4.1","143",,"67","43","6","23","4","5","collection","2","jeans","2","price",,,,,,,,,,,,,,
"Levi’s and puma",,,,,,,,,,,,,,,,,,,,,,,,,,,,
"Levi's","5","1",,"1","0","0","0","0",,,,,,,,,,,,,,,,,,,,
"Levi's Exclusive Store","4.5","8",,"6","1","0","0","1",,,,,,,,,,,,,,,,,,,,
"Levi's Exclusive Store","3.3","30",,"10","7","8","2","3","2","experience",,,,,,,,,,,,,,,,,,
"Levi's ®","4.1","24",,"13","5","2","3","1",,,,,,,,,,,,,,,,,,,,
"Levi's Exclusive Store","4","49",,"23","13","3","7","3","3","fashion","2","service",,,,,,,,,,,,,,,,
"Levi's Exclusive Store","4.8","6",,"5","1","0","0","0",,,,,,,,,,,,,,,,,,,,
"Levi's Exclusive Store","4","202",,"78","71","12","30","11","9","brand","6","jeans","6","sale","4","manners","4","behavior","4","experience","3","management","2","insulting","2","showroom","2","image"
"Levi's Exclusive Store","3.9","30",,"13","8","3","5","1",,,,,,,,,,,,,,,,,,,,
"Levi's Exclusive Store","4.2","58",,"31","15","4","7","1",,,,,,,,,,,,,,,,,,,,
"Levi's Exclusive Store","4.4","10",,"7","2","1","0","0","2","service",,,,,,,,,,,,,,,,,,
"LEVI'S | UNITED COLORS OF BENETTON | INDIAN TERRAIN -Premium Shopping Shop ( Saukshita Traders LLP)","3.8","20",,"14","0","6","0","0","6","experience","2","behaviour",,,,,,,,,,,,,,,,
"LEVI'S SHOWROOM","3.4","5",,"3","0","2","0","0",,,,,,,,,,,,,,,,,,,,
"Levi's Exclusive Store","3.6","33",,"11","11","5","4","2","2","sales","2","service",,,,,,,,,,,,,,,,
"Levi's",,,,,,,,,,,,,,,,,,,,,,,,,,,,
"Levi's PUMA","5","2",,"2","0","0","0","0",,,,,,,,,,,,,,,,,,,,
"Fashion Point(Manyavar, Monte Carlo, Killer, Levi's raymond Multi Brand readymade Garments shop)","4.4","37",,"26","6","2","2","1","3","price",,,,,,,,,,,,,,,,,,
"Puma & Levi's showroom","4","1",,"0","1","0","0","0",,,,,,,,,,,,,,,,,,,,
"Levi's","4.7","15",,"13","1","1","0","0","2","customer service","2","experience","2","behaviour",,,,,,,,,,,,,,
"Levi's Exclusive Store","3.7","3",,"2","0","1","0","0",,,,,,,,,,,,,,,,,,,,
"Levi's Exclusive Store","4.3","71",,"37","20","1","12","1","4","jeans","4","service","2","price",,,,,,,,,,,,,,
"Levi's Exclusive Store",,,,,,,,,,,,,,,,,,,,,,,,,,,,
"Levi's Exclusive Store","4.5","758",,"528","147","17","55","11","52","customer service","27","experience","16","jeans","10","price","9","showroom","9","brand","9","choice","6","sales","5","azar","5","discount"
"Levis Exclusive Store","4.8","587",,"523","40","9","11","4","60","customer service","31","experience","18","good service","9","sales","8","choice","5","shirts","4","collection","4","krishna","4","showroom","3","revathi"
"Levi's Exclusive Store","4.7","271",,"227","29","7","7","1","26","customer service","12","experience","5","showroom","5","jeans","5","sales","4","collection","4","selection","3","team","2","outlet","2","discount"
"Levi's Exclusive Store","4","222",,"99","73","16","26","8","25","customer service","10","jeans","10","experience","6","parking","6","sale","5","brand","4","selection","3","behavior","2","good service","2","heart"
"Levi's Exclusive Store","1","1",,"0","0","1","0","0",,,,,,,,,,,,,,,,,,,,
"Levis First Floor Lulu Mall Trivandrum","4.8","20",,"18","1","1","0","0","5","experience","5","customer service","3","jeans","2","length",,,,,,,,,,,,
"Levis","3.8","21",,"8","7","2","2","2",,,,,,,,,,,,,,,,,,,,
"Levi's Exclusive Store","3.9","270",,"111","85","22","43","9","10","customer service","9","jeans","9","experience","6","discounts","5","parking","3","collections","2","behaviour","2","sales","2","range of products","2","showroom"
"Levi's Exclusive Store","3.8","346",,"152","98","48","36","12","37","jeans","26","experience","22","customer service","16","sales","10","choice","9","lulu mall","8","floor","6","showroom","5","management","5","brand"
"Levi's Exclusive Store","4.8","424",,"384","26","5","7","2","35","service","24","experience","12","sales","6","showroom","6","jeans","5","polite","3","collection","3","rooms","2","revathi","2","altering"
"Levi's Exclusive Store","4.5","90",,"61","21","2","4","2","11","experience","10","customer service","5","showroom","5","jeans","2","name","2","floor","2","parking space","2","undergarments","2","staff","2","selection"
"Levi's Exclusive Store","3.9","238",,"94","86","22","29","7","12","customer service","8","brand","5","sales","5","experience","5","price","4","jeans","2","outlet","2","selection",,,,
"Levi’s Exclusive Store I Thodupuzha","4.3","21",,"14","3","1","2","1","3","customer service","3","experience",,,,,,,,,,,,,,,,
"Levi's Exclusive Store","2.3","3",,"0","0","1","2","0",,,,,,,,,,,,,,,,,,,,
"Levi's Exclusive Store","4","73",,"26","32","3","9","3","3","behaviour",,,,,,,,,,,,,,,,,,
"Levi's Exclusive Store","3.8","15",,"6","3","1","4","1",,,,,,,,,,,,,,,,,,,,
"Levi's Store","4","17",,"8","4","1","3","1",,,,,,,,,,,,,,,,,,,,
"Levi's","5","1",,"1","0","0","0","0",,,,,,,,,,,,,,,,,,,,
"Levi's (MBO) Store","3.4","33",,"13","6","8","4","2",,,,,,,,,,,,,,,,,,,,
"Levi’s, US Polo, Flying Machine, Arrow, Pepe Jeans – ANANTA","4.3","15",,"9","4","1","1","0","3","experience",,,,,,,,,,,,,,,,,,
"levi's fatehabad road store","4.9","7",,"6","1","0","0","0",,,,,,,,,,,,,,,,,,,,
"Levi's shop","4.8","53",,"47","5","1","0","0","4","experience","2","environment","2","behaviour","2","customer service",,,,,,,,,,,,
"Levi's Exclusive Store","4.3","14",,"10","2","2","0","0",,,,,,,,,,,,,,,,,,,,
"Levi’s Factory Store","5","2",,"2","0","0","0","0",,,,,,,,,,,,,,,,,,,,
"Levis store","4.6","11",,"8","2","0","1","0",,,,,,,,,,,,,,,,,,,,
"Levi's Exclusive Store","4.5","69",,"54","7","6","2","0","7","experience","5","mall","3","choice","3","t-shirt","3","sales","2","hospitality","2","denim","2","behaviour","2","customer service",,
"Levi's Exclusive Store","4.6","10",,"9","0","1","0","0","3","experience",,,,,,,,,,,,,,,,,,
"Levi's Exclusive Store","4","4",,"3","0","1","0","0","2","customer service",,,,,,,,,,,,,,,,,,
"Levi's","4.5","4",,"2","2","0","0","0",,,,,,,,,,,,,,,,,,,,
"Levi's Exclusive Store","3.9","91",,"35","33","7","13","3","8","outlet","3","sale","2","coupon","2","mall","2","price",,,,,,,,,,
"Image Levi's store","3.3","17",,"8","2","6","0","1",,,,,,,,,,,,,,,,,,,,
"Levi's Exclusive Store","3.9","108",,"56","24","18","8","2","8","behaviour","5","experience","3","jeans","2","team","2","respect","2","brand","2","sales",,,,,,
"Levi' s","5","3",,"3","0","0","0","0",,,,,,,,,,,,,,,,,,,,
"Levi's Exclusive Store",,,,,,,,,,,,,,,,,,,,,,,,,,,,
"Levi's Exclusive Store",,,,,,,,,,,,,,,,,,,,,,,,,,,,
"Levi's Pepe Crocs Puma outlet store","5","1",,"1","0","0","0","0",,,,,,,,,,,,,,,,,,,,
"Lee","3.8","22",,"12","2","3","2","3",,,,,,,,,,,,,,,,,,,,
"Levi's","3.9","27",,"11","7","1","6","2","2","price",,,,,,,,,,,,,,,,,,
"Levi's Exclusive Store","3.8","27",,"15","3","6","3","0",,,,,,,,,,,,,,,,,,,,
"Levi's","1","2",,"0","0","2","0","0",,,,,,,,,,,,,,,,,,,,
"Levi's Exclusive Store","4.5","11",,"7","3","0","1","0",,,,,,,,,,,,,,,,,,,,
"Cimaya Streetwear & Game Lounge Susuwahi - BHU","4.3","106",,"72","17","7","5","5","10","experience","6","behaviour","4","gaming","4","the souled store","3","anime","3","budget","2","t-shirts","2","pool","2","levi's","2","jerseys"
"Exclusive Levi's store","3.7","3",,"2","0","1","0","0",,,,,,,,,,,,,,,,,,,,
"Levi's Exclusive Store","5","3",,"3","0","0","0","0",,,,,,,,,,,,,,,,,,,,
"Levi's Exclusive Store","3.9","59",,"24","18","2","7","8","2","denims","2","service",,,,,,,,,,,,,,,,
"Levi's Exclusive Store","4","144",,"68","39","10","22","5","2","behavior","2","jeans",,,,,,,,,,,,,,,,
"Levi's Exclusive Store","4.6","23",,"19","2","2","0","0","3","experience","2","salesperson","2","jeans","2","selection",,,,,,,,,,,,
"Levi's Store","3.9","24",,"11","6","2","3","2",,,,,,,,,,,,,,,,,,,,
"LEVI'S OUTLET SODEPUR","4.9","45",,"41","3","0","1","0","7","behaviour","6","experience","5","discounts","3","jeans","3","prices",,,,,,,,,,
"Levi's Exclusive Store","4.2","25",,"12","10","2","1","0",,,,,,,,,,,,,,,,,,,,
"Levi's Exclusive Store","4.2","5",,"4","0","1","0","0",,,,,,,,,,,,,,,,,,,,
"Thrift Garage","5","1",,"1","0","0","0","0",,,,,,,,,,,,,,,,,,,,
"Levi's Exclusive Store","3.6","96",,"44","18","23","9","2","7","service","7","experience","3","security","3","bag","2","denim","2","management","2","behaviour","2","choices",,,,
"Levi's Exclusive Store","3.5","6",,"2","1","1","2","0",,,,,,,,,,,,,,,,,,,,
"Levi's Exclusive Store","3.9","141",,"53","46","10","28","4","3","experience","2","showroom","2","jeans","2","manners",,,,,,,,,,,,
"Levi's Exclusive Store","4.1","43",,"21","15","4","1","2",,,,,,,,,,,,,,,,,,,,
"Levi's Exclusive Store","4","121",,"56","36","11","17","1","4","jeans","3","colour","2","costs","2","brand",,,,,,,,,,,,
"Levi's Exclusive Store","4.2","110",,"67","18","5","12","8","3","jeans","3","brand","3","experience","2","sales","2","price",,,,,,,,,,
"Levis Factory Outlet","4.7","3",,"2","1","0","0","0",,,,,,,,,,,,,,,,,,,,
"levis","4.4","63",,"46","6","6","5","0","2","service",,,,,,,,,,,,,,,,,,
"Levi's Exclusive Store","4","45",,"27","9","8","1","0","2","showroom","2","behavior","2","exchange","2","brand",,,,,,,,,,,,
"Levi's Exclusive Store","4.1","76",,"46","9","7","11","3",,,,,,,,,,,,,,,,,,,,
"Levi's","3","2",,"1","0","1","0","0",,,,,,,,,,,,,,,,,,,,
"Levi's Exclusive Store","4","10",,"6","2","2","0","0",,,,,,,,,,,,,,,,,,,,
"Levi's Exclusive Store","5","1",,"1","0","0","0","0",,,,,,,,,,,,,,,,,,,,
"Levi's Exclusive Store","3.8","22",,"13","3","6","0","0",,,,,,,,,,,,,,,,,,,,
"Levi's Exclusive Store","4.5","151",,"114","22","9","6","0","9","service","4","experience","3","shipra mall","3","denim","3","happy","2","discount","2","brand","2","price",,,,
"Levi's Exclusive Store",,,,,,,,,,,,,,,,,,,,,,,,,,,,
"Levi's Exclusive Store","4.1","51",,"33","7","8","2","1","4","experience","3","choices","2","atmosphere","2","salesperson","2","mani square","2","nice store","2","knowledge",,,,,,
"Levi's Exclusive Store - Durgapur","4.2","75",,"41","23","6","4","1","3","jeans","2","adidas","2","market","2","outlet","2","service",,,,,,,,,,
"Levi’s Store","5","1",,"1","0","0","0","0",,,,,,,,,,,,,,,,,,,,
"Levi's Exclusive Store","4.2","76",,"41","24","5","4","2","3","brand",,,,,,,,,,,,,,,,,,
"Levi's Exclusive Store","4","44",,"20","12","3","7","2","2","customer service","2","sale","2","experience","2","price",,,,,,,,,,,,
"Levi's Exclusive Store","3.3","84",,"33","11","25","10","5","5","experience","5","jeans","3","know how","3","showroom","3","sales","3","behaviour",,,,,,,,
"Levi's Exclusive Store - Joy Street, Gurgaon","2.3","3",,"1","0","2","0","0",,,,,,,,,,,,,,,,,,,,
"Levi's Exclusive Store","3.4","40",,"22","2","15","0","1","7","jeans","7","experience","4","sell","3","discount","3","brand","2","customer service","2","behaviour",,,,,,
