title,address,neighborhood,street,city,postalCode,state,countryCode,website,emails,phone,location/lat,location/lng,plusCode,categoryName,totalScore,reviewsCount
LEVI’S,"40 Zhongguancun St, Shuangyushu, Haidian District, Beijing, China, 100086",Shuangyushu,40 Zhongguancun St,Haidian District,100086,Beijing,CN,,,,39.9698607,116.3217914,"X89C+WP Haidian District, Beijing, China",Clothing store,,
LEVI’S,"19 Zhongguancun St, Zhongguancun, Haidian District, Beijing, China, 100086",Zhongguancun,19 Zhongguancun St,Haidian District,100086,Beijing,CN,,,,39.9783455,116.3159794,"X8H8+89 Haidian District, Beijing, China",Clothing store,,
LEVI’S,"Dongcheng, Beijing, China, 100051",,,Dongcheng,,Beijing,CN,,,,39.904214,116.407413,,Clothing store,,
LEVI’S,"38 N 3rd Ring W Rd, Shuangyu Haidian District, Beijing, China, 100086",Double elm,38 N 3rd Ring W Rd,Haidian District,100086,Beijing,CN,,,,39.9668888,116.3255214,"X88G+Q6 Haidian District, Beijing, China",Clothing store,,
LEVI’S,"41 Wangjing W Rd, Wangjing Subdistrict, Chaoyang, Beijing, China, 100102",Wangjing Subdistrict,41 Wangjing W Rd,Chaoyang,100102,Beijing,CN,,,,39.9944891,116.456568,"XFV4+QJ Chaoyang, Beijing, China",Clothing store,5,1
levi's,"1001A-A 1st Floor, 1st Floor, Wanda Department Store, No.15-5, No.15-5 Wanda Department Store, China, Heilongjiang, Daqing, Sartu District, Postal Code: 163316",Sartu District,"Dongfeng Rd, 15-5 Wanda Department Store, 1001A-A, 1st Floor",Daqing,163316,Heilongjiang,CN,,,,46.593477,125.09432,"H3VV+9P Sartu District, Daqing, Heilongjiang, China",Clothing store,,
LEVI' S,"1055, 1st Floor, Wanda Plaza, No. 109 Haxi Street, China, Heilongjiang, Harbin, Nangang, Postal Code: 150088",Nangang,"1055, 1st Floor, Wanda Plaza, No. 109 Haxi Street",Harbin,150088,Heilongjiang,CN,,,,45.700667,126.587942,"PH2Q+75 Nangang, Harbin, Heilongjiang, China",Clothing store,,
LeVI' S,"406 Zhongyang St, Aihui District, Heihe, Heilongjiang, China",Aihui District,406 Zhongyang St,Heihe,,Heilongjiang,CN,,,,50.248865,127.502575,"6GX3+G2 Huayuan Residential District, Aihui District, Heihe, Heilongjiang, China",Clothing store,,
Levi's,"China, Beijing, Dongcheng, 138 Wangfujing Street, Beijing apm1B25",,"Room 138, Beijing apm1B25, Wangfujing Street",Dongcheng,,,CN,,,,39.914233,116.411521,"WC76+MJ Dongcheng, Beijing, China",Clothing store,3,1
LEVI'S,"No. 1 Xinjiekou North Street, Xicheng District, Beijing, China",,No. 1 Xinjiekou North Street,Xicheng District,,,CN,,,,39.947449,116.371531,"W9WC+XJ Xicheng District, Beijing, China",Clothing store,,
Levi's® (National Capital Plaza),"Shop 08, G/F, 255 King's Rd, North Point, Hong Kong",,"Shop 08, G/F, 255 King's Rd",North Point,,,HK,https://www.levi.com.hk/,,+852 2704 9038,22.2898605,114.1944379,"75QV+WQ North Point, Hong Kong",Clothing store,4.1,10
Levi's® (Tuen Mun Town Plaza),"PlazaShop 1218 - 1219 Shop 1218-1219, 1/F, Phase, Tuen Mun, Tuen Shun St, Hong Kong",,"Tuen Shun St, 1 PlazaShop 1218 - 1219 Shop 1218-1219, 1/F, Phase",Tuen Mun,,,HK,http://www.levi.com.hk/,,+852 3904 1063,22.3931513,113.9771102,"9XVG+7R Tuen Mun, Hong Kong",Clothing store,3.4,7
Levi's (Times Square Store),"Shop 622, Times Square, 6/F 1 Matheson St, Causeway Bay, Hong Kong",,"Shop 622, Times Square, 6/F 1 Matheson St",Causeway Bay,,,HK,https://levi.com.hk/,,+852 2506 3505,22.2785992,114.1825962,"75HM+C2 Causeway Bay, Hong Kong",Clothes market,2.8,19
Levi's® (Harbour City),"Hong Kong, Tsim Sha Tsui, Canton Rd, Harbour City, Shop 2518-2519, Level 2",,"Canton Rd, Harbour City, Shop 2518-2519, Level 2",Tsim Sha Tsui,,,HK,http://www.levi.com.hk/,,+852 2110 3160,22.2967795,114.1681623,"75W9+P7 Tsim Sha Tsui, Hong Kong",Clothing store,4.3,7
Levi's (The Londoner Macao),"Shop 2237, 2nd Floor, Cotai Strip Londoner Mall, Macao",,"Shop 2237 on the 2nd floor, Cotai Strip Londoner Shopping Centre",,,,MO,http://www.levi.com.hk/,,+853 2826 3500,22.1459404,113.5643007,"4HW7+9P Cotai, Macao",Clothing store,,
Levi's,"2/F Cityplaza, Shop 284, 18, Quarry Bay, Tai Koo Shing Rd, Hong Kong",,"Tai Koo Shing Rd, 18 2/F Cityplaza, Shop 284",Quarry Bay,,,HK,http://www.levi.com.hk/,,+852 2560 3719,22.2856337,114.2175951,"76P9+72 Quarry Bay, Hong Kong",Clothing store,3.8,13
Levi' s,"China, Guangdong Province, Shenzhen, Luohu District, Huangbeiling Postal Code: 518001",Huangbeiling Luohu District,,Shenzhen,,Guangdong Province,CN,,,,22.548171,114.131772,,Clothing store,,
Levi's,"China, Guangdong Province, Guangzhou, Huadu District, Xiuquan Blvd, No. 36-2-3 Postal Code: 510800",Huadu District,"Xiuquan Blvd, 36-2-3",Guangzhou,510800,Guangdong Province,CN,,,,23.3783628,113.2101571,"96H6+83 Huadu District, Guangzhou, Guangdong Province, China",Clothing store,,
Levis,"158 No.10 Fu Rd, Shangxiajiu Liwan District, Guangzhou, Guangdong Province, China, 510140",Upper and lower nine Liwan District,158 No.10 Fu Rd,Guangzhou,510140,Guangdong Province,CN,https://www.levi.com/US/en_US/,,,23.113295,113.2455963,"467W+86 Liwan District, Guangzhou, Guangdong Province, China",Clothing store,,
Levi‘s,"China, Yantian District, Dameisha Lake Heart Island Outlets",Yantian District,Inside the outlet of the island in the heart of Lake Dameisha,Shenzhen,,,CN,,,,22.5954902,114.307382,,Clothing store,,
Levi‘s,"Shennan Middle Rd, bauhinia city commercial plaza Futian District, Shenzhen, Guangdong Province, China, 518027",Futian District,Shennan Middle Rd,Shenzhen,518027,Guangdong Province,CN,,,,22.5405968,114.0906155,,Clothing store,,
Levi‘s,"33 Wenxin 5th Rd, Houhai Nanshan, Shenzhen, Guangdong Province, China, 518064",Houhai Nanshan,33 Wenxin 5th Rd,Shenzhen,518064,Guangdong Province,CN,,,,22.517783,113.936262,"GW9P+4G Nanshan, Shenzhen, Guangdong Province, China",Clothing store,,
Levi's,"China, C20~21 Nanhai District, 28, Shugang Rd, 28号CN Guangdong Province Foshan City Florence Town Postal Code: 528251","28, Nanhai District","Shugang Rd, 28 CN Guangdong Province Foshan City Florence Town",C20~21,528251,,CN,,,,23.0057,113.2296,"264H+7R Nanhai District, Foshan, Guangdong Province, China",Clothing store,,
LEVI'S,"China, Jinping District, Changping Road End",Jinping District,At the end of Changping Road,Shantou,,,CN,,,,23.3621301,116.7082718,,Clothing store,,
LeVI’S,"Q76C+6PW, Shunde District, Foshan, Guangdong Province, China, 528305",Shunde District,Q76C+6PW,Foshan,,Guangdong Province,CN,,,,22.76062,113.271833,,Clothing store,,
LEVI'S,"1st Floor, Apron Shopping Plaza, Building 353, Yunxiao Road, China",Baiyun,"1st floor, No. 5 apron shopping plaza, building 353, Yunxiao Road",Guangzhou,,,CN,,,,23.179069,113.264201,"57H7+JM Baiyun, Guangzhou, Guangdong Province, China",Clothing store,,
Levi's Dongguan Guancheng Tianhong Branch,"China, CN Guangdong Dongguan City Dongzong Avenue 2nd Floor Postal Code: 523013",,CN Guangdong Dongguan City Dongzong Avenue 2nd Floor,Dongguan,523013,,CN,,,,23.03828,113.77246,"2QQC+8X Dongcheng Subdistrict, Dongguan, Dongguan, Guangdong Province, China",Clothing store,,
Levi s,"3022 Nanxin Rd, 南頭 Nanshan, Shenzhen, Guangdong Province, China, 518056",Nanshan,3022 Nanxin Rd,Shenzhen,518056,Guangdong Province,CN,,,,22.534856,113.920018,"GWMC+W2 Nanshan, Shenzhen, Guangdong Province, China",Clothing store,,
Levi's Shenzhen Longgang World Trade Branch,"China, Lou LEVIS3 CN Guangdong Shenzhen Longgang District Longgang Central City Longxiang Avenue Postal Code: 518172",Longgang,Building LEVIS3 CN Guangdong Province Shenzhen Longgang District Longgang Central City Longxiang Avenue,Shenzhen,518172,,CN,,,,22.71603,114.24535,"P68W+C4 Longgang, Shenzhen, Guangdong Province, China",Clothing store,,
Levi’s,"No. 37 Nonglinxia Rd, Nonglinxia Rd, Nonglinxia Road Yuexiu District, Guangzhou, Guangdong Province, China, 510062",Yuexiu District,37 Nonglinxia Rd,Guangzhou,510062,Guangdong Province,CN,,,,23.1295375,113.2975172,"47HX+R2 Yuexiu District, Guangzhou, Guangdong Province, China",Clothing store,,
LEVI'S,"395 Zhongshansi Rd, 北京路 Yuexiu District, Guangzhou, Guangdong Province, China, 510055",Beijing Road Yuexiu District,395 Zhongshansi Rd,Guangzhou,510055,Guangdong Province,CN,,,,23.1254533,113.2693401,"47G9+5P Yuexiu District, Guangzhou, Guangdong Province, China",Clothing store,,
Levi's Exclusive,"Baihua Plaza, 33 Zumiao Rd, 祖廟 Chancheng District, Foshan, Guangdong Province, China, 528011",Ancestral temple Chancheng District,"Baihua Plaza, 33 Zumiao Rd",Foshan,528011,Guangdong Province,CN,https://www.levi.com/US/en_US/,,,23.0265463,113.1115884,"24G6+JJ Chancheng District, Foshan, Guangdong Province, China",Clothing store,,
LEVI'S,"Guangming N Rd, Panyu District, Guangzhou, Guangdong Province, China, 511405",Panyu District,Guangming N Rd,Guangzhou,511405,Guangdong Province,CN,,,,22.9602757,113.3608786,,Clothing store,,
LEVI'S,"Tee Mall (Beijing Road Branch), 北京路 Yuexiu District, Guangzhou, Guangdong Province, China, 510115",Beijing Road Yuexiu District,Tee Mall （Beijing Road Branch）,Guangzhou,,Guangdong Province,CN,,,,23.122963,113.2695461,"47F9+5R Yuexiu District, Guangzhou, Guangdong Province, China",Clothing store,,
LEVI'S,"China, Guangdong Province, Guangzhou, Tianhe District, Huacheng Blvd, AutoNavi Land Plaza (East Gate) Postal Code: 510623",Tianhe District,"Huacheng Blvd, AutoNavi Land Plaza (East Gate)",Guangzhou,510623,Guangdong Province,CN,,,,23.1193379,113.327533,"489H+P2 Tianhe District, Guangzhou, Guangdong Province, China",Clothing store,,
Levi’s,"398 Wanda Plaza Yuncheng South 3 Rd, Baiyun, Guangzhou, Guangdong Province, China, 510422",Baiyun,398 Wanda Plaza Yuncheng South 3 Rd,Guangzhou,510422,Guangdong Province,CN,,,,23.17252,113.26684,"57F8+2P Baiyun, Guangzhou, Guangdong Province, China",Clothing store,,
LEVI'S,"228 Tianhe Rd, Tianhe District, Guangzhou, Guangdong Province, China, 510620","Tianhe District, Tianhe River",228 Tianhe Rd,Guangzhou,510620,Guangdong Province,CN,,,,23.1333468,113.3263203,"48MG+8G Tianhe District, Guangzhou, Guangdong Province, China",Clothing store,,
LEVI'S,"498 Baogang Blvd, Jiangnan Avenue Haizhu District, Guangzhou, Guangdong Province, China, 510240",Jiangnan Avenue Haizhu District,498 Baogang Blvd,Guangzhou,510240,Guangdong Province,CN,,,,23.0888821,113.2691823,"37Q9+HM Haizhu District, Guangzhou, Guangdong Province, China",Clothing store,,
Levi's® (Shape Point I Store),"Shop 1105, Level 1, YOHO MALL I, Yuen Long, Hong Kong",,"Shop 1105, Level 1, YOHO MALL I",Yuen Long,,,HK,http://www.levi.com.hk/,,+852 3188 5416,22.4445376,114.0222076,"C2VC+RV Yuen Long, Hong Kong",Clothing store,3,2
LEVI'S,"57RH+FH2, Yuncheng E Rd, Baiyun, Guangzhou, Guangdong Province, China, 510440",Baiyun Food Culture Corridor Baiyun,"57RH+FH2, Yuncheng E Rd",Guangzhou,510440,Guangdong Province,CN,,,,23.1911458,113.278888,,Clothing store,,
Levi's,"China, Guangdong Province, Dongguan, Guanghui Avenue Fenggang Town Longping South Road No. 1 Yitian Holiday World Shopping Center",,"Guanghui Avenue, Fenggang Town, Longping South Road, Yitian Holiday World Shopping Center",Dongguan,,Guangdong Province,CN,,,,22.718854,114.206819,"P694+GP Longgang, Shenzhen, Guangdong Province, China",Clothing store,,
Levi's,"33 Zhongshansan Rd, 中国广场 Yuexiu District, Guangzhou, Guangdong Province, China, 510050",Yuexiu District,33 Zhongshansan Rd,Guangzhou,510050,Guangdong Province,CN,http://levi.cn/lcn/,,+86 20 8373 8083,23.1257026,113.2823823,"47GJ+7X Yuexiu District, Guangzhou, Guangdong Province, China",Clothing store,,
LEVI'S,"Shop L1-20, Kingkey Baina Plaza, 168 Baishi Road, China",Nanshan,"Shop L1-20, Kingkey Baina Plaza, No. 168 Baishi Road",Shenzhen,,,CN,,,,22.5305901,113.9682693,"GXJ9+68 Nanshan, Shenzhen, Guangdong Province, China",Clothing store,,
Levi＇s,"Jingshan Rd, Xiangzhou, Zhuhai, Guangdong Province, China, 519015",Xiangzhou,Jingshan Rd,Zhuhai,519015,Guangdong Province,CN,,,,22.2502945,113.5759752,,Clothing store,,
LEVI’S,"8 Taining Rd, Luohu District, Shenzhen, Guangdong Province, China, 518021",Luohu District,8 Taining Rd,Shenzhen,518021,Guangdong Province,CN,,,,22.567607,114.142036,"H49R+2R Luohu District, Shenzhen, Guangdong Province, China",Clothing store,,
Levi's,"J26J+XR3, Mintang Rd, Shenzhen, Guangdong Province, China, 518131",Bao'an District,"J26J+XR3, Mintang Rd",Shenzhen,,Guangdong Province,CN,,,,22.612394,114.032035,,Clothing store,,
Levi's,"China, CN Guangdong Shenzhen Longgang District Longgang Avenue 2999 2999 Linheng Central Plaza W107/151 Postal Code: 518115",Longgang,CN Guangdong Shenzhen Longgang District Longgang Avenue 2999 2999 Linheng Central Plaza W107/151,Shenzhen,518115,,CN,,,,22.6364,114.18469,"J5PM+HV Longgang, Shenzhen, Guangdong Province, China",Clothing store,,
Levi's,"9028 Shennan Blvd, OCT Nanshan, Shenzhen, Guangdong Province, China, 518058",OCT Nanshan,9028 Shennan Blvd,Shenzhen,518058,Guangdong Province,CN,,,,22.537587,113.976031,"GXQG+2C Nanshan, Shenzhen, Guangdong Province, China",Clothing store,,
Levi's® (Festival Walk),"Hong Kong, Kowloon Tong, 1, Festival WalkShop 10, Level",,"1, Festival WalkShop 10, Level",Kowloon Tong,,,HK,http://www.levi.com.hk/,,+852 3755 0451,22.3375044,114.174745,"85QF+2V Kowloon Tong, Hong Kong",Clothing store,4.3,3
Levi’s,"China, Guangdong Province, Shenzhen, Luohu District, Caiwuwei",Cai Wuwei Luohu District,,Shenzhen,,Guangdong Province,CN,,,,22.538883,114.111475,,Clothing store,,
Levi’s,"Shop 301, Level, 3 Landmark North, Sheung Shui, Hong Kong",,"Shop 301, Level, 3 Landmark North",Sheung Shui,,,HK,http://www.levi.com.hk/,,+852 2668 6350,22.502456,114.128122,"G42H+X6 Sheung Shui, Hong Kong",Clothing store,4,7
Levi's® (Metro City Centre Phase 2),"Hong Kong, Tseung Kwan O, Yan King Rd, Metro City Plaza II, Shop 1167-1168, 1/F., Phase II",,"Yan King Rd, Metro City Plaza II, Shop 1167-1168, 1/F., Phase II",Tseung Kwan O,,,HK,http://www.levi.com.hk/,,+852 3194 3500,22.3241364,114.2571874,"87F4+MV Tseung Kwan O, Hong Kong",Clothing store,3,2
Levi's® (Chishiki Citistore),"City Landmark II, Shop 02-29, 2/F, CitiStore, 67-95 Tsuen Wan Market St, Tsuen Wan, Hong Kong",,"City Landmark II, Shop 02-29, 2/F, CitiStore, 67-95 Tsuen Wan Market St",Tsuen Wan,,,HK,http://www.levi.com.hk/,,+852 2944 8745,22.3712292,114.1185972,"94C9+FC Tsuen Wan, Hong Kong",Clothing store,2,5
Levi's® (Mikiki),"Mikiki, Shop G07, G/F, 638 Prince Edward Rd E, San Po Kong, Hong Kong",,"Mikiki, Shop G07, G/F, 638 Prince Edward Rd E",San Po Kong,,,HK,https://www.levi.com.hk/,,+852 3105 1768,22.3334674,114.1964631,"85MW+9H San Po Kong, Hong Kong",Clothing store,3.8,4
Levi's® Outlet (Citygate),"Shop 413, 4/F, Citygate, 20 Tat Tung Road Tung Chung, Lantau Island, Hong Kong",,"Shop 413, 4/F, Citygate, 20 Tat Tung Road Tung Chung",Lantau Island,,,HK,https://www.levi.com.hk/,,+852 2706 7193,22.2896486,113.9405428,"7WQR+V6 Lantau Island, Hong Kong",Clothing store,3.3,15
Levi's® (APM Store),"Hong Kong, Kwun Tong, Shop L3-9, 3/F, Millennium City 5, Kwun Tong",,"Shop L3-9, 3/F, Millennium City 5, Kwun Tong",Kwun Tong,,,HK,http://www.levi.com.hk/,,+852 3148 1149,22.3120014,114.2250799,"866G+R2 Kwun Tong, Hong Kong",Clothing store,4.3,6
Levi's® (Mong Kok City Centre),"G/F, 86, Sai Yeung Choi St S, Mong Kok, Hong Kong",,"Sai Yeung Choi St S, 86 G/F",Mong Kok,,,HK,http://www.levi.com.hk/,,+852 2396 0861,22.319102,114.170237,"859C+J3 Mong Kok, Hong Kong",Clothing store,2.3,10
Levi's® (Causeway Bay SOGO Store),"Hong Kong, Causeway Bay, Shop 27, 3/F, Sogo Dept. Store, Causeway Bay",,"Shop 27, 3/F, Sogo Dept. Store, Causeway Bay",Causeway Bay,,,HK,http://www.levi.com.hk/,,+852 2831 8560,22.2804838,114.1843197,"75JM+5P Causeway Bay, Hong Kong",Clothing store,5,5
Levi's (Silvercord),"Shop LG48-52, Silvercord Tsim Sha Tsui, Hong Kong",,"Shop LG48-52, Silvercord",Tsim Sha Tsui,,,HK,https://www.levi.com.hk/,,+852 3101 0531,22.2974522,114.1690913,"75W9+XJ Tsim Sha Tsui, Hong Kong",Clothing store,4.2,9
Levi's® (Langham Place),"Hong Kong, Mong Kok, Shanghai St, Langham Place Shopping Mall, Shop 7-8, Level 5",,"Shanghai St, Langham Place Shopping Mall, Shop 7-8, Level 5",Mong Kok,,,HK,http://www.levi.com.hk/,,+852 3460 3859,22.3182061,114.1684443,"8599+79 Mong Kok, Hong Kong",Clothing store,2.7,12
Levi's® (The Venetian Macao),"Estrada da Baia de Nossa Senhora da Esperanca, Macao",,Estrada da Baia de Nossa Senhora da Esperanca,,,,MO,,,,22.1478166,113.5601321,"4HX6+43 Cotai, Macao",Clothing store,4,1
Levi's® (MOKO),"Hong Kong, Mong Kok, HK 九龍 旺角 Shop 239, Level 2, MOKO",,"HK Kowloon Mong Kok Shop 239, Level 2, MOKO",Mong Kok,,,HK,http://www.levi.com.hk/,,+852 3188 3053,22.3232033,114.1725947,"85FF+72 Mong Kok, Hong Kong",Clothing store,4.7,3
Levis,"No. 168 Chia Tai Plaza East District 09A Lujiazui W Rd, Lujiazui, Pudong, Shanghai, China, 200120",Lujiazui,"168A Lujiazui W Rd, East District, Chia Tai Plaza",Pudong,200120,Shanghai,CN,http://www.chinasspp.com/brand/2793/,,,31.23746,121.50014,"6GP2+X3 Pudong, Shanghai, China",Clothing store,,
LEVI'S,"China, 1st Floor, 818 Plaza, No. 818 West Nanjing Road",Hisamitsu,"1st floor, 818 Plaza, No. 818 West Nanjing Road",Jing'An,,,CN,,,,31.222775,121.446311,"6CFW+4G Jing'An, Shanghai, China",Clothing store,,
LEVI'S,"168 Lujiazui W Rd, Lujiazui, Pudong, Shanghai, China, 200120",Lujiazui,168 Lujiazui W Rd,Pudong,200120,Shanghai,CN,,,,31.235988,121.498118,"6FPX+96 Pudong, Shanghai, China",Clothing store,,
Levi's,"China, CN Shandong Qingdao Shibei District Hefei Road 672 672 2F, AEON Plaza Postal Code: 266103",Shibei District,"CN 2nd Floor, AEON Plaza, No. 672 672 Hefei Road, Shibei District, Qingdao City, Shandong Province",Qingdao,266103,,CN,,,,36.1108,120.41416,"4C67+8M Shibei District, Qingdao, Shandong, China",Clothing store,,
Levi’s,"501 Zhangyang Rd, Yaohan, Pudong, Shanghai, China, 200120",Yaohan,501 Zhangyang Rd,Pudong,200120,Shanghai,CN,http://www.chinasspp.com/brand/2793/,,,31.228009,121.516233,"6GH8+6F Pudong, Shanghai, China",Clothing store,,
LeVI’S,"6GX3+R4W, Tianya District, Sanya, Hainan, China, 572000",Tianya District,6GX3+R4W,Sanya,,Hainan,CN,,,+86 898 8825 1855,18.24961,109.502829,,Clothing store,1,1
Levi's,"China, 1, Gulou, Qingliangmen Ave, No. 1 CN Jiangsu Province Nanjing 1st Floor Huanyu City Postal Code: 210029",Gulou,"Qingliangmen Ave, No. 1 CN Jiangsu Province Nanjing City 1st Floor Huanyu City",Jiangsu,210029,,CN,,,,32.0457,118.75203,"2QW2+7R Gulou, Nanjing, Jiangsu, China",Clothing store,,
LEVI’S,"No.1-9 Changzhou Shopping Center Yanling W Rd, Tianning District, Changzhou, Jiangsu, China, 213003",Tianning District,No. 1-9 Changzhou Shopping Center Yanling W Rd,Changzhou,,Jiangsu,CN,,,,31.7749806,119.9632261,"QXF7+X7 Tianning District, Changzhou, Jiangsu, China",Clothing store,,
LEVI'S,"801 Zhangyang Rd (N), Pudong, Shanghai, China, 200129",,801 Zhangyang Rd (N),Pudong,200129,Shanghai,CN,http://www.chinasspp.com/brand/2793/,,,31.2704972,121.5874778,"7HCP+5X Pudong, Shanghai, China",Clothing store,,
Levi's,"China, CN Shandong Province Qingdao Chengyang District Zhengyang Middle Road 151 151 2nd Floor of China Resources Vientiane Hui Postal Code: 266109",Chengyang District,"CN 2nd Floor, China Resources Vientiane Hui, No. 151 Zhengyang Middle Road, Chengyang District, Qingdao City, Shandong Province",Qingdao,266109,,CN,,,,36.30623,120.41459,"8C47+FR Chengyang District, Qingdao, Shandong, China",Clothing store,,
Levi's,"China, CN Jiangsu Province Nanjing Jianye District Jiangdong Middle Road 258 258 Huacai Tiandi 4th Floor L4-27 Postal Code: 220019",Jianye District,"CN L4-27, 4th Floor, Huacai World, No. 258 258 Jiangdong Middle Road, Jianye District, Nanjing, Jiangsu Province",Nanjing,220019,,CN,,,,31.99686,118.72165,"XPWC+PM Jianye District, Nanjing, Jiangsu, China",Clothing store,,
LEVI'S,"98 Jiangdong Middle Rd, Jianye District, Nanjing, Jiangsu, China, 210036",Jianye District,98 Jiangdong Middle Rd,Nanjing,210036,Jiangsu,CN,,,,32.032105,118.735265,"2PJP+R4 Jianye District, Nanjing, Jiangsu, China",Clothing store,,
LEVI'S,"388 W Jiangwan Rd, North Station Hongkou District, Shanghai, China, 200081",North Station,388 W Jiangwan Rd,Hongkou District,200081,Shanghai,CN,http://www.chinasspp.com/brand/2793/,,,31.2711739,121.4792667,"7FCH+FP Hongkou District, Shanghai, China",Clothing store,,
Levi’s,"China, Jiangsu, Nanjing, 5th Floor, Golden Eagle International Shopping Center, No. 89 Hanzhong Road, Baixia District","Baixia District, Xinjiekou District","5th floor, Golden Eagle International Shopping Center, No. 89 Hanzhong Road",Nanjing,,Jiangsu,CN,,,+86 25 5800 8828,32.041356,118.78032,"2QRJ+G4 Qinhuai District, Nanjing, Jiangsu, China",Clothing store,,
LEVI S,"China, Bengshan District, in the top 100 shopping malls",Bengshan District,In the top 100 shopping malls,Bengbu,,,CN,,,,32.9459099,117.3637093,,Clothing store,,
LEVI'S,"18 Zhongshan Rd, 德基广场 Xuanwu, Nanjing, Jiangsu, China, 210005",Deji Square Xuanwu,18 Zhongshan Rd,Nanjing,210005,Jiangsu,CN,,,+86 800 828 9598,32.044887,118.785677,"2QVP+X7 Xuanwu, Nanjing, Jiangsu, China",Clothing store,,
Levi's,"Parkson Commercial Bldg, Zhongshan Road Business District Shinan District, Qingdao, Shandong, China, 266001",Zhongshan Road Business District Shinan District,Parkson Commercial Bldg,Qingdao,,Shandong,CN,,,,36.0660539,120.3181447,,Clothing store,,
LEVI'S,"China, Shanghai, Jing'An, CITIC Pacific Plaza, Nanjing West Road Postal Code: 200041",Nanjing West Road,CITIC Pacific Plaza,Jing'An,,Shanghai,CN,,,,31.2281106,121.4557056,,Clothing store,,
LEVI'S,"China, multiple branches",Shuimogou District,Multiple branches,Ürümqi,,,CN,,,,43.8287881,87.6045204,,Clothing store,,
Levi's,"RGR9+X9C, CN Xinjiang Uygur Autonomous Region Urumqi City, Saybag District, 1B09, China, 830015",Saybag District,"RGR9+X9C, CN Xinjiang Uygur Autonomous Region Urumqi City",1B09,830015,,CN,,,,43.84243,87.51839,,Clothing store,,
LevIs,"436 Wanbao St, Hongqi Street Chaoyang District, Changchun, Changchun, Jilin, China, 130061",#CONNECT!,436 Wanbao St,Changchun,130061,Jilin,CN,https://www.levi.com/US/en_US/,,,43.8780438,125.3014528,"V8H2+6H Chaoyang District, Changchun, Changchun, Jilin, China",Clothing store,,
levis,"China, Jilin, Changchun, Nanguan District, Chongqing Rd, 618 Yatai Fuyuan Shopping Center Postal Code: 130042",Nanguan District,"Chongqing Rd, 618 Yatai Fu Yuen Shopping Center",Changchun,,Jilin,CN,https://www.levi.com/US/en_US/,,,43.8912021,125.3269226,"V8RG+FQ Nanguan District, Changchun, Jilin, China",Clothing store,,
LEVIS,"RG6G+FCW, Shibo Rd, Songbei District, Harbin, Heilongjiang, China, 150025",Songbei District,"RG6G+FCW, Shibo Rd",Harbin,150025,Heilongjiang,CN,https://www.levi.com/US/en_US/,,,45.8112279,126.5260794,,Clothing store,,
LEVI’S,"XFQG+FMM, Guangshun S St, Wangjing Chaoyang, Beijing, China, 100102",Wangjing,"XFQG+FMM, Guangshun S St",Chaoyang,100102,Beijing,CN,,,+86 10 8476 4499,39.9887019,116.4766655,,Clothing store,,
Levi’S,"1 Jianguomen Outer St, Guomao, Chaoyang, Beijing, China, 100020",Guomao,1 Jianguomen Outer St,Chaoyang,100020,Beijing,CN,https://www.levi.com/US/en_US/,,+86 10 6505 5155,39.9095506,116.4579436,"WF55+R5 Chaoyang, Beijing, China",Clothing store,4.5,2
LEVI’S,"Jinzhanxiang, Chaoyang, Beijing, China, 100018",Jinzhanxiang,,Chaoyang,,Beijing,CN,,,,40.003005,116.568647,,Clothing store,,
LEVI’S,"39 E 3rd Ring Middle Rd, Guomao, Chaoyang, Beijing, China, 100020",Guomao,39 E 3rd Ring Middle Rd,Chaoyang,100020,Beijing,CN,,,,39.913238,116.4614106,"WF76+7H Chaoyang, Beijing, China",Clothing store,,
Levi's,"RM79+V9G, Zhongshan W Rd, Huimin District, Hohhot, Inner Mongolia, China, 010020",Huimin District,"RM79+V9G, Zhongshan W Rd",Hohhot,10020,Inner Mongolia,CN,,,,40.814686,111.6684581,,Clothing store,,
Levi's,"27-28, 2nd Floor, Wanda Department Store, Wanda Plaza, No. 5, China, Hubei, Wuhan, Jianghan District, Tangjiadun Rd, No. 5 Postal Code: 430015",Jianghan District,"Tangjiadun Rd, 5 Wanda Plaza Wanda Department Store 27-28",Wuhan,430015,Hubei,CN,,,,30.610249,114.26923,"J769+3M Jianghan District, Wuhan, Hubei, China",Clothing store,,
Levi's,"XWPQ+HVQ, Siyuan St, Pengzhou, Chengdu, Sichuan, China, 611936",Pengzhou,"XWPQ+HVQ, Siyuan St",Chengdu,611936,Sichuan,CN,,,,30.9864512,103.9397198,,Clothing store,,
Levi's,"Zhongbai Building, 7th Floor, 170 Bayi Rd, 170, Yuzhong District, Chongqing, China, 400011",170,"Zhongbai Building, 7th Floor, 170 Bayi Rd",Yuzhong District,400011,Chongqing,CN,,,,29.55716,106.5768,"HH4G+VP Yuzhong District, Chongqing, China",Clothing store,,
Levi's,"China, CN Shaanxi Province Xi'an Xincheng 166 Changle West Road No. 166 Yitian Holiday World Shopping Center L3-28 Postal Code: 710005",Xincheng,CN Shaanxi Province Xi'an Xincheng District 166 Changle West Road 166 Yitian Holiday World Shopping Center L3-28,Xi'An,710005,,CN,,,,34.26939,108.97314,"7X9F+Q7 Xincheng, Xi'An, Shaanxi, China",Clothing store,,
Levi's,"China, Chongqing, Jiangjin District, Datong Rd, No. 469 6th Floor 469 Chongbaijiangjin Shopping Mall Postal Code: 402257",,"469 Chongbai Jiangjin Shopping Mall, 6th Floor, 469 Datong Rd",Jiangjin District,402257,Chongqing,CN,,,,29.28766,106.25518,"77Q4+33 Dingshan Neighborhood, Jiangjin District, Chongqing, China",Clothing store,,
Levi's,"China, CN Chongqing Yuzhong District Hall C UG-59 Postal Code: 400016",,CN Chongqing Yuzhong District Hall C UG-59,Yuzhong District,400016,,CN,,,,29.53673,106.51168,"GGP6+MM Yuzhong District, Chongqing, China",Clothing store,,
Levi's,"China, CN Hubei Province Jingzhou City Shacheng District 1st Floor Postal Code: 434002",Shashi District,"CN 1st Floor, Shacheng City, Jingzhou City, Hubei Province",Jingzhou,434002,,CN,,,,30.30904,112.25121,"8752+JF Shashi District, Jingzhou, Hubei, China",Clothing store,,
LEVI’S,"Wanda Plaza, Yanta IT Business District Beilin, Xi'An, Shaanxi, China, 710055",Yanta IT Business District Beilin,Wanda Plaza,Xi'An,,Shaanxi,CN,,,,34.2435163,108.9617377,,Clothing store,,
Levi's,"H6FR+Q4W, CN Chongqing, Bishan District, A151, China, 402700",,"H6FR+Q4W, CN Chongqing",Bishan District,402700,,CN,,,,29.5744765,106.240332,,Clothing store,,
Levi's,"China, Chongqing, Jiangjin District, Jiangjin City Commercial Pedestrian Street Postal Code: 402257",,Jiangjin Commercial Pedestrian Street,Jiangjin District,402257,Chongqing,CN,,,,29.2867832,106.2526636,,Clothing store,,
Levi's,"China, CN Chongqing Wanzhou District Beibin Avenue Section 2 998 998 Chongqing Wanzhou Wanda Plaza 1F1059 Postal Code: 404188",,CN Chongqing Wanzhou District Beibin Avenue Section 2 998 998 Chongqing Wanzhou Wanda Plaza 1F1059,Wanzhou District,404188,,CN,,,,30.81254,108.38393,"R97M+2H Zhonggulou Residential District, Wanzhou District, Chongqing, China",Clothing store,,
LEVI' S,"China, Sichuan, Chengdu, Wuhou District, Shijicheng Rd, No. 198 with 218 Postal Code: 610212",Wuhou District,"Shijicheng Rd, 198 Attachment 218",Chengdu,610212,Sichuan,CN,,,,30.559144,104.077166,"H35G+MV Wuhou District, Chengdu, Sichuan, China",Clothing store,,
LEVI’S,"15 Zhongguancun St, Zhongguancun, Haidian District, Beijing, China, 100086",Zhongguancun,15 Zhongguancun St,Haidian District,100086,Beijing,CN,,,,39.9814988,116.313208,"X8J7+H7 Haidian District, Beijing, China",Clothing store,,
Levi's,"China, Beijing, Changping District, Nankou Area Residential District, Chenzhuang Brg, Badaling Outlet Postal Code: 102202",Nankou Area Residential District,"Chenzhuang Brg, Badaling Outlet",Changping District,102202,Beijing,CN,,,,40.23368,116.17152,,Clothing store,,
LEVI’S,"1 Yuanda Rd, Haidian District, Beijing, China, 100081",,1 Yuanda Rd,Haidian District,100081,Beijing,CN,,,,39.9581773,116.2885162,"X75Q+7C Haidian District, Beijing, China",Clothing store,,
Levi’s,"China, Hubei, Wuhan, Hongshan, Luoyu Road Optics Valley World City Area A 01027",Hongshan,"Luoyu Road, Optics Valley World City, Area A, 01027",Wuhan,,Hubei,CN,,,,30.505806,114.401938,"GC42+8Q Hongshan, Wuhan, Hubei, China",Clothing store,,
LEVI’S,"Ganjiakou Building, No. 17, Sanlihe Rd, Haidian District, Beijing, China Postal Code: 100044",,"Sanlihe Rd, 17 Ganjiakou Building",Haidian District,100044,Beijing,CN,,,,39.9275046,116.3336067,"W8HM+2C Haidian District, Beijing, China",Clothing store,,
LEVI’S,"68 Qinghe Middle St, Haidian District, Beijing, China, 100085",,68 Qinghe Middle St,Haidian District,100085,Beijing,CN,,,,40.030625,116.332318,"28JJ+6W Haidian District, Beijing, China",Clothing store,,
Levi's,"China, Beijing, Pinggu District, Xinkai St, 31-12-1 Postal Code: 101213",,"Xinkai St, 31-12-1",Pinggu District,101213,Beijing,CN,,,,40.142407,117.114749,"44R7+XV Pinggu District, Beijing, China",Clothing store,,
LEVI’S,"1 Fuxue Rd, Changping District, Beijing, China, 102206",,1 Fuxue Rd,Changping District,102206,Beijing,CN,,,,40.2217818,116.2617424,"67C6+PM Changping District, Beijing, China",Clothing store,,
LEVI’S,"101 Chaoyang N Rd, Shili Fort Chaoyang, Beijing, China, 100025",Ten Mile Fort,101 Chaoyang N Rd,Chaoyang,100025,Beijing,CN,,,,39.9236917,116.5206445,"WGFC+F7 Chaoyang, Beijing, China",Clothing store,,
LEVI’S,"133 Xidan N St, Xidan, Xicheng District, Beijing, China, 100031",Xidan,133 Xidan N St,Xicheng District,100031,Beijing,CN,,,,39.9101124,116.3734539,"W96F+29 Xicheng District, Beijing, China",Clothing store,,
LEVI’S,"8 Xuanwumen Outer St, Xicheng District, Beijing, China, 100031",,8 Xuanwumen Outer St,Xicheng District,100031,Beijing,CN,,,,39.8968046,116.3748017,"V9WF+PW Xicheng District, Beijing, China",Clothing store,,
LEVI’S,"China, Beijing, Dongcheng, Heping Li District 5 Building A4 Postal Code: 100007",,"Building A4, District 5, Hepingli",Dongcheng,,Beijing,CN,,,,39.9563054,116.4223859,"XC4C+GX Dongcheng, Beijing, China",Clothing store,,
LEVI’S,"28 Xiangjiang N Rd, Chaoyang, Beijing, China, 100015",,28 Xiangjiang N Rd,Chaoyang,100015,Beijing,CN,,,,40.0356944,116.5035759,"2GP3+7C Chaoyang, Beijing, China",Clothing store,,
LEVI’S,"No. 69, Wukesong Fuxing Road, Haidian District, Beijing, China, Postal Code: 100036",Five pines,No. 69 Fuxing Road,Haidian District,100036,Beijing,CN,,,,39.912842,116.280142,"W77J+43 Haidian District, Beijing, China",Clothing store,,
LEVI’S,"1 E Chang'an St, Wangfujing, Dongcheng, Beijing, China, 100006",Wangfujing,1 E Chang'an St,Dongcheng,100006,Beijing,CN,,,,39.909187,116.416911,"WC58+MQ Dongcheng, Beijing, China",Clothing store,,
LEVI’S,"V2H3+X26, Xiapu County, Ningde, Fujian, China, 355199",Xiapu County,V2H3+X26,Ningde,,Fujian,CN,,,,26.879916,120.00252,,Clothing store,,
Levi’s,"China, Fujian, Ningde, Fuding, No. 255, Gucheng South Road, Tongcheng Street",Fuding,"No. 255, Gucheng South Road, Tongcheng Street",Ningde,,Fujian,CN,,,,27.323202,120.219061,"86F9+7J Shanqian Residential District, Fuding, Ningde, Fujian, China",Clothing store,,
Levi's,"P99H+7X9, Yifu St, Fuqing, Fuzhou, Fujian, China, 350323",Fuqing,"P99H+7X9, Yifu St",Fuzhou,350323,Fujian,CN,,,,25.7181678,119.3799857,,Clothing store,,
Levi's,"China, CN Hubei Province Wuhan Wuchang District Zhongnan Road 9 Zhongnan Road No. 9 Zhongshang Department Store Zhongshang Plaza Area A 5th Floor Postal Code: 430074",Wuchang District,"CN Hubei Wuhan Wuchang District Zhongnan Road 9 Special 9th Floor, Zhongshang Department Store, Zhongshang Plaza, Area A",Wuhan,430074,,CN,,,,30.53696,114.33237,"G8PJ+QW Wuchang District, Wuhan, Hubei, China",Clothing store,,
Levi's,"China, CN Jiangxi Jiujiang Lianxi District 3 Postal Code: 332000",Lianxi,CN Jiangxi Province Jiujiang City Lianxi District Hall 3,Jiujiang,332000,,CN,,,,29.70277,116.01908,"P239+4J Lianxi, Jiujiang, Jiangxi, China",Clothing store,,
Levi's,"889 Luoyu Rd, Optics Valley Business District Hongshan, Wuhan, Hubei, China, 430079",Optics Valley Business District Hongshan,889 Luoyu Rd,Wuhan,430079,Hubei,CN,,,+86 27 8665 9988,30.5071934,114.3978514,"G94X+V4 Hongshan, Wuhan, Hubei, China",Clothing store,,
LEVIS,"China, Hubei, Wuhan, Wuchang District, Xudong Ave, No. 18 Pin Mao 3 Floor Postal Code: 430062",Wuchang District,"Xudong Ave, 18 Pin Mao, 3rd floor",Wuhan,430062,Hubei,CN,https://www.levi.com/US/en_US/,,,30.588144,114.343056,"H8QV+76 Wuchang District, Wuhan, Hubei, China",Clothing store,,
Levi's,"688 Jiefang Blvd, Northwest Lake Jianghan District, Wuhan, Hubei, China, 430000",Jianghan District,688 Jiefang Blvd,Wuhan,430000,Hubei,CN,,,,30.5805984,114.269488,"H7J9+6Q Jianghan District, Wuhan, Hubei, China",Clothing store,,
Levi's,"China, CN 3027, 3rd Floor, Wanda Plaza, Han Street, No. 18 Shahu Avenue, 18 18 Shahu Avenue, Wuhan, Hubei Province, Wuhan Postal Code: 430071",Wuchang District,"CN 3027, 3rd Floor, Wanda Plaza, Han Street, No. 18 Shahu Avenue, Wuchang District, Wuhan City, Hubei Province",Wuhan,430071,,CN,,,,30.55584,114.33733,"H84P+8W Wuchang District, Wuhan, Hubei, China",Clothing store,,
Levi's,"China, CN Hunan Province Changsha Yuelu District 4th Floor Postal Code: 410006",Yuelu District,CN Hunan Province Changsha City Yuelu District 4th Floor,Changsha,410006,,CN,,,,28.21836,112.9338,"6W9M+8G Yuelu District, Changsha, Hunan, China",Clothing store,,
Levi's,"China, Jiangxi, Nanchang, Qingshanhu District, 999, Huizhan Rd, No. 999 2nd Floor Wanda Plaza Postal Code: 330038","999, Qingshanhu District","Wanda Plaza, 2nd Floor, Huizhan Rd, 999",Nanchang,330038,Jiangxi,CN,,,,28.69354,115.85033,"MVV2+C4 Qingshanhu District, Nanchang, Jiangxi, China",Clothing store,,
Levi's,"China, CN Hunan Province Changsha Tianxin District Furong South Road 27 No. 27, Section 3 Youa Outlets No. 15107 Postal Code: 410118",Tianxin District,"CN Hunan Province Changsha Tianxin District Furong South Road 27 No. 27, Section 3 Youa Outlet No. 15107",Changsha,410118,,CN,,,,28.07123,112.99333,"3XCV+F8 Tianxin District, Changsha, Hunan, China",Clothing store,,
Levi's,"China, CN Hubei Wuhan Qingshan District Heping Avenue No. 959 959 Wushang Zhongyuan Plaza 3rd Floor, Postal Code: 430081",Qingshan,"CN Hubei Wuhan Qingshan District Heping Avenue 959 959 3rd Floor, Wushang Zhongyuan Plaza",Wuhan,430081,,CN,,,,30.6257,114.3762,"J9GG+7F Qingshan, Wuhan, Hubei, China",Clothing store,,
Levi's,"China, CN Hunan Province Changsha Furong District Jiefang West Road 188 188 LG159-161 LG159-161 Floor LG1, Changsha IFC Center No. 188 Jiefang West Road Postal Code: 410005",Furong District,"CN LG159-161, LG1F, Changsha IFC, Changsha 188, Jiefang West Road, 188 Jiefang West Road, Changsha City, Hunan Province",Changsha,410005,,CN,,,,28.19181,112.9789,"5XRH+PH Furong District, Changsha, Hunan, China",Clothing store,,
Levi's,"2nd Section, Hisense Plaza, 5th Floor36 Xiangjiang Middle Rd, 36, Tianxin District, Changsha, Hunan, China, 410002","36, Tianxin District","2nd Section, Hisense Plaza, 5th Floor, 36 Xiangjiang Middle Rd",Changsha,410002,Hunan,CN,,,,28.1893723,112.9697212,"5XQ9+PV Tianxin District, Changsha, Hunan, China",Clothing store,,
Levi's,"China, Hunan, Changsha, Furong District, Huangxing Middle Rd, No. 88 4th Floor, 88 Pinghetang Wuyi Square Store, Postal Code: 410006",Furong District,"Huangxing Middle Rd, 88 4th Floor, 88 Heping Hall Wuyi Square Store",Changsha,410006,Hunan,CN,,,,28.19435,112.97669,"5XVG+PM Furong District, Changsha, Hunan, China",Clothing store,,
Levi's,"139 Hanyang Blvd, Zhongjiacun Hanyang District, Wuhan, Hubei, China, 430064",Hanyang District,139 Hanyang Blvd,Wuhan,430064,Hubei,CN,,,,30.5495441,114.266844,"G7X8+RP Hanyang District, Wuhan, Hubei, China",Clothing store,,
Levi's,"No. 145, 1st Floor, Jinyintan Blvd, No. 1 AEON MALL Jinyintan Branch, No. 1, China, Hubei, Wuhan, Dongxihu District, Jinyintan Blvd. Postal Code: 430024",Dongxihu District,"Jinyintan Blvd, 145 Aeon MALL Jinyintan Blvd, 1st Floor",Wuhan,430024,Hubei,CN,,,,30.649451,114.237839,"J6XQ+Q4 Dongxihu District, Wuhan, Hubei, China",Clothing store,,
Levi's,"China, 1, Lianxi, CN Jiangxi Province Jiujiang City Building A Postal Code: 332007",Lianxi,CN Jiangxi Province Jiujiang City Building A,Jiujiang,332007,,CN,,,,29.69345,116.01377,,Clothing store,,
Levi's,"China, CN Jiangxi Nanchang Xinjian District 3388 Jiulong Avenue 1-912 Shanshan Outlet Plaza Nanchang 1F 1-912 Postal Code: 330108",Xinjian District,"CN Jiangxi Nanchang Xinjian District 3388 Jiulong Avenue 3388 1-912, 1st Floor, Nanchang Nanchang",Nanchang,330108,,CN,,,,28.57007,115.7777,"HQCH+23 Shengmizhen, Xinjian District, Nanchang, Jiangxi, China",Clothing store,,
Levi's,"122 Hanjie St, Wuchang District, Wuhan, Hubei, China, 430071",Wuchang District,122 Hanjie St,Wuhan,430071,Hubei,CN,,,,30.55725,114.33983,"H84Q+VW Wuchang District, Wuhan, Hubei, China",Clothing store,,
Levi's,"China, CN Hubei Wuhan Jiangxia District A240 241 Postal Code: 430204",Jiangxia District,CN Hubei Province Wuhan Jiangxia District A240 241,Wuhan,430204,,CN,,,,30.38562,114.36979,"99P9+6W Jiangxia District, Wuhan, Hubei, China",Clothing store,,
Levi's,"China, Building No. 1111 CN Hunan Province Changsha Changsha County Vientiane Hui Postal Code: 410199",Changsha County,Building No. 1111 CN Hunan Province Changsha City Changsha County Vientiane Hui,Changsha,410199,,CN,,,,28.24842,113.08643,"63XP+9H Changsha County, Changsha, Hunan, China",Clothing store,,
LEVIS,"165 Laodong W Rd, 五一商区 Tianxin District, Changsha, Hunan, China, 410002",Wuyi Business District Tianxin District,165 Laodong W Rd,Changsha,410002,Hunan,CN,https://www.levi.com/US/en_US/,,,28.178217,112.9762584,"5XHG+7G Tianxin District, Changsha, Hunan, China",Clothing store,,
LevI's,"92F8+WVV, Qianjindao Side Rd, Wuqing District, Tianjin, China, 301700",,"92F8+WVV, Qianjindao Side Rd",Wuqing District,301700,Tianjin,CN,,,,39.374874,117.017166,,Clothing store,,
Levi's,"China, CN Hubei Province Wuhan Wuchang District Xudong Street 3rd Floor Postal Code: 430062",Wuchang District,CN Hubei Province Wuhan Wuchang District Xudong Street 3rd Floor,Wuhan,430062,,CN,,,,30.58894,114.34366,"H8QV+HF Wuchang District, Wuhan, Hubei, China",Clothing store,,
LEVI’S,"48 Jiukeshu W Rd, Tongzhou, Beijing, China, 101199",,48 Jiukeshu W Rd,Tongzhou,101199,Beijing,CN,,,,39.8900262,116.6560575,"VMR4+2C Tongzhou, Beijing, China",Clothing store,,
Levi,"China, Section, Kaifu District, Changsha, 416, Furong Middle Rd, 416号CN 南省 長沙市2層 Icity Good Life Center Postal Code: 410005","416, Kaifu District, Changsha","Furong Middle Rd, No. 416 CN 南省 長沙市2層 Icity Good Life Center",一段,410005,,CN,,,,28.20881,112.98431,"6X5M+GP Kaifu District, Changsha, Changsha, Hunan, China",Clothing store,,
levi's,"China, Linghe District, Qiansheng Shopping Plaza",Linghe District,Qiansheng Shopping Plaza,Jinzhou,,,CN,,,,41.1200988,121.1405428,,Clothing store,,
LEVI’S,"Caoqiao E Rd, Fengtai District, Beijing, China, 100160",,Caoqiao E Rd,Fengtai District,100160,Beijing,CN,,,,39.8418664,116.3590516,,Clothing store,,
Levi's,"596X+R92, Huanhe N Rd, Dongli District, Tianjin, China, 300308",,"596X+R92, Huanhe N Rd",Dongli District,300308,Tianjin,CN,,,,39.162007,117.398404,,Clothing store,,
Levi,"China, CN Hubei Province Wuhan City Hanyang District Hall C 2nd Floor Postal Code: 430051",Hanyang District,CN Hubei Province Wuhan Hanyang District Hall C 2nd Floor,Wuhan,430051,,CN,,,,30.55344,114.20602,"H634+9C Hanyang District, Wuhan, Hubei, China",Clothing store,,
Levi's,"China, CN Hubei Province Wuhan Jianghan District 2nd Floor Postal Code: 430015",Jianghan District,CN Hubei Province Wuhan City Jianghan District 2nd Floor,Wuhan,430015,,CN,,,,30.60935,114.2678,"J759+P4 Jianghan District, Wuhan, Hubei, China",Clothing store,,
Levi's,"China, CN Hunan Province Changsha Tianxin District Huangxing South Road 262 262 Senhe Building 9th Floor, 920 Postal Code: 410002",Tianxin District,"CN Hunan Province Changsha Tianxin District Huangxing South Road 262 262 Senhe Building, 920, 9th Floor",Changsha,410002,,CN,,,,28.18533,112.97647,"5XPG+4H Tianxin District, Changsha, Hunan, China",Clothing store,,
Levi's,"China, CN Hubei Wuhan Jianghan District Hankou Jianshe Avenue 566 566 4th Floor, New World Department Store International Trade Store, Postal Code: 430015",Jianghan District,CN Hubei Wuhan Jianghan District Hankou Jianshe Avenue 566 566 4th Floor,Wuhan,430015,,CN,,,,30.59505,114.2698,"H7W9+2W Jianghan District, Wuhan, Hubei, China",Clothing store,,
LEVI’S,"93 Jianguo Rd, Dawang Road, Chaoyang, Beijing, China, 100022",Dawang Road,93 Jianguo Rd,Chaoyang,100022,Beijing,CN,,,,39.90879,116.46966,"WF59+GV Chaoyang, Beijing, China",Clothing store,,
LEVI'S,"69 Gangtie Ave, Hondlon District, Baotou, Inner Mongolia, China, 014025",Hondlon District,69 Gangtie Ave,Baotou,14025,Inner Mongolia,CN,,,,40.65818,109.815725,"MR58+77 Hondlon District, Baotou, Inner Mongolia, China",Clothing store,,
Levi's,"China, Hebei, Shijiazhuang, Qiaoxi District, Shijiazhuang, Yuhua W Rd, No. 15 Vientiane Tiancheng Parkson Shopping Center Postal Code: 050001","Qiaoxi District, Shijiazhuang","Yuhua W Rd, 15 Parkson Shopping Center",Shijiazhuang,50001,Hebei,CN,,,,38.036105,114.479835,"2FPH+CW Qiaoxi District, Shijiazhuang, Shijiazhuang, Hebei, China",Clothing store,5,1
Jinu Levi's,"FX6G+XX2, Guishui N St, Yanqing District, Beijing, China, 102199",,"FX6G+XX2, Guishui N St",Yanqing District,102199,Beijing,CN,,,,40.462398,115.977384,,Clothing store,,
Levi's,"CN Beijing Fangshan B1-B11A, China, 102445",,CN Beijing Fangshan District B1-B11A,Fangshan District,102445,,CN,,,,39.76295,116.18632,"Q57P+5G Changyangzhen, Fangshan District, Beijing, China",Clothing store,,
LEVI’S,"PXJ5+MV9, Yingfeng N Rd, Fangshan District, Beijing, China, 102501",,"PXJ5+MV9, Yingfeng N Rd",Fangshan District,102501,Beijing,CN,,,,39.7316749,115.9597299,,Clothing store,,
Levi's,"XC42+F8M A-1053, Luquan District, Shijiazhuang, Hebei, China, 050222",Luquan District,XC42+F8M A-1053,Shijiazhuang,50222,Hebei,CN,,,,37.95621,114.40081,,Clothing store,,
Levi's,"M45J+2FJ, Wenzhoushangmaocheng St, Lhasa, Tibet, China, 850014",Lhasa,"M45J+2FJ, Wenzhoushangmaocheng St",Lhasa,850014,Tibet,CN,,,,29.6575946,91.1311253,,Clothing store,,
Le VI's,"China, CN Anhui Province Wuhu Jinghu District Zhongshan Road Pedestrian Street B-4 Floor Postal Code: 241002",Jinghu District,CN Anhui Province Wuhu City Jinghu District Zhongshan Road Pedestrian Street B-4th Floor,Wuhu,241002,,CN,,,,31.33076,118.37084,"89JC+88 Jinghu District, Wuhu, Anhui, China",Clothing store,,
LeVI'S,"China, 318 Renmin South Road",Tianjiaan,318 Renmin South Road,Huainan,,,CN,,,,32.6464379,117.0198452,"J2W9+HW Tianjiaan, Huainan, Anhui, China",Clothing store,,
Levi's,"China, Anhui, Hefei, Shushan District, 3818, 3rd Floor, 30 meters due north of Wanda Plaza Postal Code: 230071","3818, Shushan District",30 meters directly north of Wanda Plaza on the 3rd floor,Hefei,230071,Anhui,CN,,,,31.82019,117.2214,"R6CC+3H Shushan District, Hefei, Anhui, China",Clothing store,,
LEVI'S,"1038 Yinshan W Rd, Yushan District, Maanshan, Anhui, China, 243071",Yushan District,1038 Yinshan W Rd,Maanshan,243071,Anhui,CN,,,,31.6633834,118.4974199,"MF7W+9X Yushan District, Maanshan, Anhui, China",Clothing store,,
Levi's,"China, Liaoning, Dalian, Zhongshan, Tianjin Street New World Department Store (Dalian) Postal Code: 116006",Tianjin Street Zhongshan,New World Department Store (Dalian),Dalian,,Liaoning,CN,,,,38.922121,121.6389162,,Clothing store,,
Levi's Dalian Baisheng Branch,"China, CN Liaoning Province Dalian Shahekou District Xi'an Road 92 92 Jinhui Shopping Plaza 5th Floor: 116000",Shahekou District,CN Liaoning Province Dalian Shahekou District 92 92 Jinhui Shopping Plaza 5th Floor,Dalian,116000,,CN,,,,38.91117,121.5878,"WH6Q+F4 Shahekou District, Dalian, Liaoning, China",Clothing store,,
Levi's,"China, CN Anhui Wuhu Jinghu District Zhonghe Road 11 11 Zhonghe Road 407 407 Postal Code: 241004",Jinghu District,"CN 407, 4th Floor, Suning Plaza, No. 11 Zhonghe Road, Jinghu District, Wuhu City, Anhui Province",Wuhu,241004,,CN,,,,31.3291,118.36781,"89H9+J4 Jinghu District, Wuhu, Anhui, China",Clothing store,,
Levi's,"China, CN Liaoning Province Shenyang Shenbei New Area 98 Near Northeast Headquarters Base 80 meters southeast Postal code: 110122",Shenbei,CN Liaoning Province Shenyang Shenbei New Area 98 Near the northeast headquarters base 80 meters southeast,Shenyang,110122,,CN,,,,41.95462,123.4630701,"XF37+R6 Shenbei, Shenyang, Liaoning, China",Clothing store,,
Levi's Shenyang Tiexi New-Mart Branch,"China, CN Liaoning Province Shenyang Heping District Zhonghua Road 216th Floor Parkson Taiyuan Street Store Postal Code: 110071","Heping District, Shenyang",CN Liaoning Province Shenyang Heping District Zhonghua Road 216th Floor Parkson Taiyuan Street Store,Shenyang,110071,,CN,,,,41.79177,123.40049,"QCR2+P5 Heping District, Shenyang, Shenyang, Liaoning, China",Clothing store,,
Levi's,"Causeway Bay Int'l. Shopping Center, Liuxiang Business District Yingze District, Taiyuan, Shanxi, China, 030001",Liuxiang Business District Yingze District,Causeway Bay Int'l. Shopping Center,Taiyuan,,Shanxi,CN,,,,37.869074,112.5712569,,Clothing store,,
Levi's,"110B, 111 1st Floor, Wanda Department Store, No. 888, China, Fujian, Quanzhou, Jinjiang, Shiji Blvd, Postal Code: 362201",Jinjiang,"Shiji Blvd, No. 888 Wanda Plaza Wanda Department Store 1F, 110B, 111",Quanzhou,362201,Fujian,CN,,,,24.819625,118.573463,"RH9F+V9 Jinjiang, Quanzhou, Fujian, China",Clothing store,,
LeVI'S,"Baozhou St, Fengze District, Quanzhou, Fujian, China, 362023",Fengze District,Baozhou St,Quanzhou,362023,Fujian,CN,,,,24.8821402,118.6019484,,Clothing store,,
Levi’s,"China, Fujian, Quanzhou, Shishi, Yannian East Road 53",Shishi,53 Yannian East Road,Quanzhou,,Fujian,CN,,,,24.733476,118.633687,"PJMM+9F Shishi, Quanzhou, Fujian, China",Clothing store,,
Levi's,"WH4Q+Q7P, Zhuangfu Ln, Licheng District, Quanzhou, Quanzhou, Fujian, China, 362001","Licheng District, Quanzhou","WH4Q+Q7P, Zhuangfu Ln",Quanzhou,362001,Fujian,CN,,,,24.9069514,118.5882069,,Clothing store,,
Levi's,"885 Xiahe Rd, Siming District, Xiamen, Fujian, China, 361004",Siming District,885 Xiahe Rd,Xiamen,361004,Fujian,CN,,,,24.4679029,118.1111078,"F496+5C Siming District, Xiamen, Fujian, China",Clothing store,,
LEVI'S,"100 Zunyi Rd, Nanming District, Guiyang, Guizhou, China, 550002",Nanming District,100 Zunyi Rd,Guiyang,550002,Guizhou,CN,,,,26.563324,106.706933,,Clothing store,,
LEVI'S,"China, Fujian, Quanzhou, Jinjiang, Huatai Street SM International Plaza",Jinjiang,SM International Plaza on Huatai Street,Quanzhou,,Fujian,CN,,,,24.777271,118.566517,,Clothing store,,
LeVI’S,"HPH7+QQW, Yunyan District, Guiyang, Guizhou, China, 550003",Yunyan District,HPH7+QQW,Guiyang,,Guizhou,CN,,,,26.579484,106.714454,,Clothing store,,
LEVI’S,"China, Fujian, Quanzhou, Jinjiang, Anhai Town Intersection of Chenggong Middle Road and Longshan East Road",Jinjiang,The intersection of Chenggong Middle Road and Longshan East Road in Anhai Town,Quanzhou,,Fujian,CN,,,,24.715241,118.47195,,Clothing store,,
Levi's,"PC4G+6MC, Nan'An, Quanzhou, Fujian, China, 362342",Nan'An,PC4G+6MC,Quanzhou,,Fujian,CN,,,,24.705566,118.426628,,Clothing store,,
Levi's,"China, 楼1724号CN Hainan Province Haikou Meilan District Haixiu East Road Postal Code: 570102",Meilan District,"Building No. 1724 CN Haikou City, Hainan Province Meilan District Haixiu East Road",Haikou,570102,,CN,,,,20.03079,110.34486,"28JV+8W Meilan District, Haikou, Hainan, China",Clothing store,,
LEVI' S,"5 Floor, 1st Floor, Wanda Department Store, Wanda Plaza, No. 4666, Huli District, Xianyue Rd, No. 4666, China, Fujian, Xiamen, Huli District, Postal Code: 361016",Huli District,"5, 1st Floor, Wanda Department Store, Wanda Plaza, No. 4666 Xianyue Rd",Xiamen,361016,Fujian,CN,,,,24.504899,118.176736,"G53G+XM Huli District, Xiamen, Fujian, China",Clothing store,,
Levi's,"RH6M+GHC, Qipai St, Jinjiang, Quanzhou, Fujian, China, 362299",Jinjiang,"RH6M+GHC, Qipai St",Quanzhou,362299,Fujian,CN,,,,24.8113008,118.583906,,Clothing store,,
LEVIS,"Jimei District, Xiamen, Fujian, China, 361021",Jimei District,,Xiamen,,Fujian,CN,https://www.levi.com/US/en_US/,,,24.575941,118.097364,,Clothing store,,
Levis,"China, Fujian, Xiamen, Siming District, Lianqian East Road California Commercial Plaza",Siming District,"California Commercial Plaza, Lianqian East Road",Xiamen,,Fujian,CN,https://www.levi.com/US/en_US/,,,24.477027,118.157709,,Clothing store,,
Levi's,"China, CN Chongqing Yuzhong District Wuyi Road No. 99 99 Xiexin Starlight Plaza 4th Floor: 400011",,CN Chongqing Yuzhong District Wuyi Road No. 99 99 Xiexin Starlight Plaza 4th Floor,Yuzhong District,400011,,CN,,,,29.55832,106.58027,"HH5J+84 Yuzhong District, Chongqing, China",Clothing store,,
Levi’s,"50 Xinhua Rd, Guangyang District, Langfang, Hebei, China, 065099",Guangyang District,50 Xinhua Rd,Langfang,65099,Hebei,CN,,,,39.5226493,116.7078457,"GPF5+34 Guangyang District, Langfang, Hebei, China",Clothing store,,
Levi's,"R97M+9QR, Minzu Blvd, Qingxiu District, Nanning, Guangxi, China, 530088",Qingxiu District,"R97M+9QR, Minzu Blvd",Nanning,530088,Guangxi,CN,,,,22.8134978,108.3843766,,Clothing store,,
Levi's,"China, CN Guizhou Guiyang Huaxi District Zhujiang Road 368 368 Vanke MALL 1F114 Postal Code: 550009",Huaxi District,CN Guizhou Guiyang Huaxi District Zhujiang Road 368 368 Vanke MALL 1F 114,Guiyang,550009,,CN,,,,26.52268,106.71126,"GPF6+3G Huaxi District, Guiyang, Guizhou, China",Clothing store,,
Levi's,"China, CN Guizhou Guiyang Nanming District Shinan Road 42 42 Poly International Trade Yitiancheng 2nd Floor Postal Code: 550002",Nanming District,CN Guizhou Province Guiyang City Nanming District Shinan Road 42 42 2nd Floor,Guiyang,550002,,CN,,,,26.56304,106.72319,"HP7F+67 Nanming District, Guiyang, Guizhou, China",Clothing store,,
Levi's,"China, CN Guizhou Guiyang Yunyan District Zhonghua Middle Road 130 130 Nanguo Huajin Shopping Center 4th Floor: 550003",Yunyan District,"CN Guizhou Province Guiyang Yunyan District Zhonghua Middle Road 130 130 4th Floor, Nanguo Huajin Shopping Center",Guiyang,550003,,CN,,,+86 851 8581 6870,26.58214,106.71276,"HPJ7+V4 Yunyan District, Guiyang, Guizhou, China",Clothing store,,
Levi's,"China, CN Guizhou Province Qiandongnan Miao and Dong Autonomous Prefecture Kaili City Beijing West Road 1F Postal Code: 556000",Kaili City,CN Guizhou Province Qiandongnan Miao and Dong Autonomous Prefecture Kaili City Beijing West Road 1st Floor,Qiandongnan Miao and Dong Autonomous Prefecture,556000,,CN,,,,26.5811,107.97326,"HXJF+C8 Kaili City, Qiandongnan Miao and Dong Autonomous Prefecture, Guizhou, China",Clothing store,,
Levi's,"China, CN Hunan Province Hengyang Zhengxiang District Chuanshan West Road 2 2 2 Chongsheng Jingzhu Department Store 3rd Floor Postal Code: 421001",Zhengxiang District,CN Hunan Province Hengyang City Zhengxiang District 2 2 Chuanshan West Road 3rd Floor,Hengyang,421001,,CN,,,,26.9041,112.59912,"WH3X+JJ Zhengxiang District, Hengyang, Hunan, China",Clothing store,,
LEVI’S,"14 Fuqian St, Huairou District, Beijing, China, 101401",,14 Fuqian St,Huairou District,101401,Beijing,CN,,,,40.3156,116.631049,"8J8J+6C Longshan Neighborhood, Huairou District, Beijing, China",Clothing store,,
Levi's,"China, CN Guizhou Guiyang Yunyan District Hall A L2-01 30 meters due west Postal code: 550002",Yunyan District,CN Guizhou Province Guiyang City Yunyan District Hall A L2-01 30 meters due west,Guiyang,550002,,CN,,,,26.58591,106.7559,"HQP4+99 Yunyan District, Guiyang, Guizhou, China",Clothing store,,
Levi's,"China, 18 Shilu International 4th Floor",Gusu District,"4th floor, Shilu International, No. 18 Shilu",Suzhou,,,CN,,,,31.311171,120.602417,"8J62+FX Gusu District, Suzhou, Jiangsu, China",Clothing store,,
LEVI'S,"China, World Trade Center",Jurong,World Trade Center,Zhenjiang,,,CN,,,,31.9548611,119.1471044,,Clothing store,,
levi's,"188 Quancheng Rd, 泉城路時區 Lixia District, Jinan, Shandong, China, 250011",Quancheng Road Business District Lixia District,188 Quancheng Rd,Jinan,250011,Shandong,CN,,,,36.6651478,117.0259998,"M28G+39 Lixia District, Jinan, Shandong, China",Clothing store,,
Levi's,"245 Guanqian St, Ping Jiang Qu, Suzhou, Jiangsu, China, 215005",Pingjiang,245 Guanqian St,Suzhou,215005,Jiangsu,CN,,,,31.310151,120.622075,"8J6C+3R Gusu District, Suzhou, Jiangsu, China",Clothing store,,
LEVI’S,"2 Huayuan Rd, 花園路商區 Licheng District, Jinan, Jinan, Shandong, China, 250100","Huayuan Road Commercial District, Licheng District, Jinan",2 Huayuan Rd,Jinan,250100,Shandong,CN,,,,36.687122,117.08964,,Clothing store,,
Levi’s,"2888 Huqingping Hwy, Qingpu District, Shanghai, China, 201704",,2888 Huqingping Hwy,Qingpu District,201704,Shanghai,CN,http://www.chinasspp.com/brand/2793/,,,31.154329,121.227804,"563H+P4 Qingpu District, Shanghai, China",Clothing store,,
Levi's,"Shuangnan Blvd, 1179-1180, 1st Floor, Times Outlets, Shuangnan Blvd, Sichuan, Chengdu, Shuangliu, Shuangnan Blvd, Shuangnan Avenue Postal Code: 610046",Shuangliu,"Shuangnan Blvd, Shuangnan Avenue, Times Outlets, 1st Floor, Area B, 1179-1180",Chengdu,610046,Sichuan,CN,,,,30.602903,103.944468,"JW3V+5Q Shuangliu, Chengdu, Sichuan, China",Clothing store,,
LEVI'S Movement,"Huijin Dept Store (Loushanguan Road), Hongqiao Changning District, Shanghai, China, 200050",Hongqiao,Huijin Dept Store （Loushanguan Road）,Changning District,,Shanghai,CN,,,,31.2115526,121.4051688,,Clothing store,,
LEVI,"China, Chongqing, Jiulongpo District, Xingsheng Road Jiayun Shopping City",Yangjiaping,Xingsheng Road Jiayun Shopping City,Jiulongpo District,,,CN,https://www.levi.com/US/en_US/,,,29.511345,106.512875,,Clothing store,,
LEVI’S,"158 Beiyuan Rd, Laizhou, Yantai, Shandong, China, 261400",Laizhou,158 Beiyuan Rd,Yantai,261400,Shandong,CN,,,,37.2009045,119.9459434,"6W2W+99 Chenggang Residential District, Laizhou, Yantai, Shandong, China",Clothing store,,
Levi's,"China, Sichuan, Chengdu, Jinniu District, North 3rd Ring Road Section 1 Auxiliary Road Postal Code: 610031",Jinniu District,A section of the North Third Ring Road auxiliary road,Chengdu,610031,Sichuan,CN,,,,30.719472,104.036392,,Clothing store,,
Levi's,"101 Huayuan Rd, Licheng District, Jinan, Jinan, Shandong, China, 250199","Licheng District, Jinan",101 Huayuan Rd,Jinan,250199,Shandong,CN,,,,36.6848033,117.0636319,"M3M7+WF Licheng District, Jinan, Jinan, Shandong, China",Clothing store,,
Levi's,"2nd Floor, New Century Global Mall, 1700 Tianfu Avenue North, China",Wuhou District,"2nd floor, New Century Global Shopping Center, No. 1700 North Section of Tianfu Avenue",Chengdu,,,CN,,,,30.5962292,104.0679902,,Clothing store,,
levis,"China, Chongqing, Shapingba District, Shapingba Business District Three Gorges Square Pedestrian Street Postal Code: 400038",Shapingba business district,Three Gorges Square Pedestrian Street,Shapingba District,400038,Chongqing,CN,https://www.levi.com/US/en_US/,,,29.5570762,106.4616824,,Clothing store,,
Levis,"Room 34, 2F, Area A, Tianjie, China, Chongqing, Jiangbei",,"Room 34, 2F, Area A, Beicheng Tianjie",Jiangbei,,,CN,https://www.levi.com/US/en_US/,,,29.577255,106.532961,"HGGM+W5 Jiangbei, Chongqing, China",Clothing store,,
LEVI' S,"1017B 1F, 1st Floor, Wanda Plaza Taicang Store, No. 188, No. 188, China, Jiangsu, Suzhou, Taicang, Shanghai E Rd. Postal Code: 215411",Taicang,"Shanghai E Rd, 188B, 1st Floor, Wanda Plaza Taicang Store",Suzhou,215411,Jiangsu,CN,,,,31.460067,121.138074,"F46Q+26 Taicang, Suzhou, Jiangsu, China",Clothing store,,
Levi's,"China, CN Sichuan Province Chengdu Shuangliu District Baiyishang Street 177 177 Chengnan Youpindao Plaza 1st Floor Postal Code: 610203",Shuangliu,"CN Sichuan Province Chengdu Shuangliu District Baiyishang Street 177 177 1st Floor, Youpindao Plaza, Chengnan",Chengdu,610203,,CN,,,,30.59503,103.91283,"HWW7+24 Shuangliu, Chengdu, Sichuan, China",Clothing store,,
Levi's,"China, CN Hainan Province Haikou Longhua District Yangshan Avenue No. 39 39 Mission Hills New Town Building 1 Postal Code: 571155","Longhua District, Haikou",CN Hainan Province Haikou City Longhua District Yangshan Avenue 39 39 Mission Hills New Town Building 1,Haikou,571155,,CN,,,,19.91603,110.33165,"W88J+CM Longhua District, Haikou, Haikou, Hainan, China",Clothing store,,
Levi's,"Chengdu City SM Plaza, 1st Floor, 29 2nd Ring Rd East Section 2, 29, Chenghua District, Chengdu, Sichuan, China, 610056","29, Chenghua District","Chengdu City SM Plaza, 1st Floor, 29 2nd Ring Rd East Section 2",Chengdu,610056,Sichuan,CN,,,,30.66849,104.11203,"M496+9R Chenghua District, Chengdu, Sichuan, China",Clothing store,,
Levis,"16 Haixiu E Rd, Longhua District Haikou, Hainan, China, 570102",Longhua District,16 Haixiu E Rd,Haikou,,Hainan,CN,https://www.levi.com/US/en_US/,,,20.0292735,110.3416906,"28HR+PM Haikou, Hainan, China",Clothing store,,
Levi's,"China, CN 2nd Floor, Leshan Wangfujing Shopping Center, No. 118 118 Tianxing Road, Leshan City, Leshan City, Sichuan Province Postal Code: 614000","Shizhong District, Leshan","CN 2nd Floor, Leshan Wangfujing Shopping Center, No. 118 118 Tianxing Road, Shizhong District, Leshan City, Sichuan Province, 2011",Leshan,614000,,CN,,,,29.58293,103.75163,"HQM2+5M Shizhong District, Leshan, Leshan, Sichuan, China",Clothing store,,
Levi's,"China, CN Sichuan Province Chengdu Jinjiang District 29 29 Wanda Plaza 209 29 East 5th Section 2nd Ring Road Postal Code: 610022",Jinjiang District,"CN Sichuan Province Chengdu Jinjiang District 29 Wanda Plaza, No. 29, East Section 5, Second Ring Road 209",Chengdu,610022,,CN,,,,30.62098,104.09572,"J3CW+97 Jinjiang District, Chengdu, Sichuan, China",Clothing store,,
Levi's,"China, Layer Lianhu District, Zhong Gu Lou Guang Chang, CN Shaanxi Province Xi'an City B2 Postal Code: 710007",Lianhu District,"Zhong Gu Lou Guang Chang, CN Xi'an, Shaanxi B2",层,710007,,CN,,,,34.25985,108.94568,,Clothing store,,
Levi's,"China, CN Henan Province Zhengzhou Jinshui District 1st Floor Postal Code: 450003",Jinshui District,CN Henan Province Zhengzhou City Jinshui District 1st Floor,Zhengzhou,450003,,CN,,,,34.78797,113.69195,"QMQR+5Q Jinshui District, Zhengzhou, Henan, China",Clothing store,,
Levi's,"5009, 5th Floor, BBK High-tech World, No. 33 33, Hongqi Avenue, Zhanggong District, Ganzhou, Jiangxi Province Postal Code: 341000",Zhanggong District,"CN 5009, 5th Floor, BBK High-tech World, No. 33 Hongqi Avenue, 33 33, Zhanggong District, Ganzhou City, Jiangxi Province",Ganzhou,341000,,CN,,,,25.84893,114.93994,"RWXQ+HX Zhanggong District, Ganzhou, Jiangxi, China",Clothing store,,
Levi's,"Lucheng District, Wenzhou, Wenzhou, China, 325027","Lucheng District, Wenzhou",,Wenzhou,,,CN,,,,27.998845,120.685111,"XMXP+G2 Lucheng District, Wenzhou, Wenzhou, Zhejiang, China",Clothing store,,
Jinuo Levi's,"China, CN Tianjin Xiqing District C bottom business Postal code: 300393",,CN Tianjin Xiqing District C bottom merchant,Xiqing District,300393,,CN,,,,39.13719,117.00993,"42P5+VX Xiqing District, Tianjin, China",Clothing store,,
Levi's,"6PC4+XCM, Qianwang St, Lin'An, Hangzhou, Zhejiang, China, 311399",Lin'An,"6PC4+XCM, Qianwang St",Hangzhou,311399,Zhejiang,CN,,,,30.222451,119.706046,,Clothing store,,
Levi's,"Huanhe N Rd, Dongli District, Tianjin, China, 300308",,Huanhe N Rd,Dongli District,300308,Tianjin,CN,,,,39.1613645,117.3828027,,Clothing store,,
LEVI. S,"No. 188 Hisense Plaza Jiefang N Rd, Heping, Tianjin, China, 300042",,188 Hisense Plaza Jiefang N Rd,Heping,,Tianjin,CN,,,,39.1170531,117.2182689,"4689+R8 Heping, Tianjin, China",Clothing store,,
Jinuo Levi's,"China, 6, Jizhou, Wenchang St, No. 6 CN Tianjin Postal Code: 301999",,"Wenchang St, 6 CN Tianjin",Jizhou,301999,,CN,,,,40.04447,117.41562,"2CV8+Q6 Jizhou, Tianjin, China",Clothing store,,
Levi's Men's Wear,"25 Xingyuan Rd, Zhaoyuan County, Daqing, Heilongjiang, China, 166500",Zhaoyuan County,25 Xingyuan Rd,Daqing,166500,Heilongjiang,CN,,,,45.51946,125.08164,"G39J+QM Zhaoyuanzhen, Zhaoyuan County, Daqing, Heilongjiang, China",Clothing store,,
Levi's,"China, Jiangsu, Wuxi, Binhu Airport Jct, Bailian Outlet Plaza B3-206",Binhu District,"Airport Jct, Bailian Outlet Plaza B3-206",Wuxi,,Jiangsu,CN,,,,31.52114,120.444318,"GCCV+FP Xinwu District, Wuxi, Wuxi, Jiangsu, China",Clothing store,,
Levi's Ganghui Ols Branch,"China, CN 501/516B 501/516B South Block, No. 1 Hongqiao Road, No. 1, Xuhui District, ShanghaiPostal Code: 200030",Xujiahui,"CN Shanghai Xuhui District 501/516B, 5th Floor, South Tower, No. 1 Hongqiao Road, No. 1",Xuhui District,200030,,CN,,,,31.19533,121.43755,"5CWQ+42 Xuhui District, Shanghai, China",Clothing store,,
LEVI'S,"211 Youyi Rd, Baoshan, Shanghai, China, 201999",,211 Youyi Rd,Baoshan,201999,Shanghai,CN,http://www.chinasspp.com/brand/2793/,,,31.4046375,121.4819366,"CF3J+VQ Baoshan, Shanghai, China",Clothing store,,
LEVI'S,"380 Fengtan Rd, Gongshu District, Hangzhou, Zhejiang, China, 310012",Gongshu District,380 Fengtan Rd,Hangzhou,310012,Zhejiang,CN,,,,30.298744,120.1057386,"74X4+F7 Gongshu District, Hangzhou, Zhejiang, China",Clothing store,,
LEVI'S,"588 Baiqi Rd, Fengxian District, Shanghai, China, 201400",,588 Baiqi Rd,Fengxian District,201400,Shanghai,CN,http://www.chinasspp.com/brand/2793/,,,30.9157751,121.4837254,"WF8M+8F Fengxian District, Shanghai, China",Clothing store,,
Levi's Outlet,"101 Wuning Rd, Putuo, Shanghai, China, 200060",,101 Wuning Rd,Putuo,200060,Shanghai,CN,https://www.levi.com/US/en_US/,,+86 400 039 3392,31.238332,121.422886,"6CQF+85 Putuo, Shanghai, China",Clothing store,,
LEVI' S,"2026 2026 Wanda Department Store, No. 88 Wanda Plaza Wanda Department Store, No. 88, Xinbei District, Tongjiang Middle Rd, China, Jiangsu, Changzhou, Xinbei District, 2026 Postal Code: 213028",Xinbei District,"Tongjiang Middle Rd, 88 Wanda Plaza Wanda Department Store, 2nd Floor, 2026",Changzhou,213028,Jiangsu,CN,,,,31.817974,119.969696,"RX99+5V Xinbei District, Changzhou, Jiangsu, China",Clothing store,,
LEVI'S,"68PF+64Q, Heyou Rd, Jiading District, Shanghai, China, 201803",,"68PF+64Q, Heyou Rd",Jiading District,201803,Shanghai,CN,http://www.chinasspp.com/brand/2793/,,,31.2355752,121.322871,,Clothing store,,
Levi's,"China, CN Jiangsu Wuxi Xinwu District Xiqin Road 18 18 Bailian Outlet Plaza B3-206 Postal Code: 214112","Xinwu District, Wuxi","CN B3-206, Bailian Outlet Plaza, No. 18 Xiqin Road, Xinwu District, Wuxi City, Jiangsu Province",Wuxi,214112,,CN,,,,31.52072,120.44787,"GCCX+74 Xinwu District, Wuxi, Wuxi, Jiangsu, China",Clothing store,,
Levi's,"China, Shanghai, Jiading District, 426, Shengxin Rd, No. 426 2nd Floor, Postal Code: 201821",426,"426 Shengxin Rd, 2nd Floor",Jiading District,201821,Shanghai,CN,,,,31.33024,121.25525,"87J4+33 Jiading District, Shanghai, China",Clothing store,,
LEVIS,"1666 Dongbao Department Store Sichuan Rd (N), Luxun Park, Hongkou District, Shanghai, China, 200081",Luxun Park,1666 Toho Department Store Sichuan Rd (N),Hongkou District,,Shanghai,CN,https://www.levi.com/US/en_US/,,,31.2575016,121.4831135,"7F5M+26 Hongkou District, Shanghai, China",Clothing store,,
LEVI'S,"China, 3rd Floor, Yaxin Plaza, 401 Changshou Road",,"3rd floor, Yaxin Plaza, No. 401 Changshou Road",Putuo,,,CN,,,,31.239298,121.436597,"6CQP+PJ Putuo, Shanghai, China",Clothing store,,
Levi's,"China, Shanghai, Pudong, 58, Zhuoyao Rd, 58 Lane Florence Town B10~11 Postal Code: 201202",58,"Zhuoyao Rd, Lane 58, Florence Town B10~11",Pudong,201202,Shanghai,CN,,,,31.19544,121.76379,"5QW7+5G Pudong, Shanghai, China",Clothing store,,
Levi's,"China, CN Zhejiang Province Hangzhou Xiacheng District Dongxin Road 822 822 Hangzhou Zhongda Yintai City 1st Floor Postal Code: 310004",Xiacheng District,"CN 1st Floor, Yintai City, Hangzhou, 822 822 Dongxin Road, Xiacheng District, Hangzhou, Zhejiang Province",Hangzhou,310004,,CN,,,,30.32709,120.17579,"85GG+R8 Xiacheng District, Hangzhou, Zhejiang, China",Clothing store,,
Levi's,"10 Tongcen Rd, Wuxing District, Huzhou, Zhejiang, China, 313000",Wuxing District,10 Tongcen Rd,Huzhou,313000,Zhejiang,CN,,,,30.866426,120.102506,"V483+H2 Wuxing District, Huzhou, Zhejiang, China",Clothing store,,
Levi's,"China, CN Jiangsu Province Suzhou Kunshan Dongcheng Avenue 501 501 No. 501 F1C08 Postal Code: 215334",Kunshan,CN Jiangsu Suzhou Kunshan 501 Dongcheng Avenue 501 501 F1C08,Suzhou,215334,,CN,,,,31.36535,121.06239,"9386+4X Kunshan, Suzhou, Jiangsu, China",Clothing store,,
LEVI'S,"1618 Huangxing Rd, Yangpu District, Shanghai, China, 200093",,1618 Huangxing Rd,Yangpu District,200093,Shanghai,CN,http://www.chinasspp.com/brand/2793/,,,31.289531,121.521587,"7GQC+RJ Yangpu District, Shanghai, China",Clothing store,,
LEVI'S,"437 Nianjiabang Rd, Pudong, Shanghai, China, 201318",,437 Nianjiabang Rd,Pudong,201318,Shanghai,CN,,,,31.1139064,121.5713161,"4H7C+HG Pudong, Shanghai, China",Clothing store,,
LEVI'S,"China, Shanghai, Jiading District, 366 河友路号: 201803",,No. 366 Heyou Road,Jiading District,201803,Shanghai,CN,,,,31.240286,121.323796,"68RF+4G Jiading District, Shanghai, China",Clothing store,,
LEVI'S,"96JX+4P7, Tacheng Rd, Jiading District, Shanghai, China, 201800",,"96JX+4P7, Tacheng Rd",Jiading District,201800,Shanghai,CN,http://www.chinasspp.com/brand/2793/,,,31.3802825,121.2493005,,Clothing store,,
LEVI'S,"135 Xin'geng Rd, Xujiahui, Xuhui District, Shanghai, China, 200030",Xujiahui,135 Xin'geng Rd,Xuhui District,200030,Shanghai,CN,http://www.chinasspp.com/brand/2793/,,,31.1923732,121.4427216,"5CRV+W3 Xuhui District, Shanghai, China",Clothing store,,
LEVI'S,"155 Changshou Rd, 長寿路 Putuo, Shanghai, China, 200061",Longevity Road,155 Changshou Rd,Putuo,200061,Shanghai,CN,,,,31.242757,121.441438,"6CVR+4H Putuo, Shanghai, China",Clothing store,,
LEVI’S,"500 Chengshan Road, Pudong, Shanghai, China",,500 Chengshan Road,Pudong,,,CN,http://www.chinasspp.com/brand/2793/,,,31.172211,121.507153,"5GC4+VV Pudong, Shanghai, China",Clothing store,,
LEVIS,"China, Shanghai, Huangpu, Nanjing Rd (E), 800 Oriental Commercial Building Postal Code: 200001",Nanjing Road,"Nanjing Rd (E), 800 Oriental Commercial Building",Huangpu,200001,Shanghai,CN,https://www.levi.com/US/en_US/,,,31.235843,121.475023,"6FPG+82 Huangpu, Shanghai, China",Clothing store,,
Levi's,"China, CN Zhejiang Province Ningbo Cixi City Youth Gongnan Road No. 99 99 Yintai City Hall A 4th Floor, Zip Code: 315300",Cixi,CN Zhejiang Province Ningbo Cixi City Youth Palace South Road 99 99 Yintai City Hall A 4th Floor,Ningbo,315300,,CN,,,,30.17026,121.24889,"56CX+4H Cixi, Ningbo, Zhejiang, China",Clothing store,,
Levi's,"China, CN Shanghai Yangpu District Kongjiang Road 1628 1628 1st Floor Bauhinia Plaza L1-04/05 Postal Code: 200082",,CN Shanghai Yangpu District 1628 Kongjiang Road 1628 1628 Bauhinia Plaza 1st Floor L1-04/05,Yangpu District,200082,,CN,,,,31.27528,121.51795,"7GG9+45 Yangpu District, Shanghai, China",Clothing store,,
LEVI'S,"932 Hengshan Rd, Xujiahui, Xuhui District, Shanghai, China, 200030",Xujiahui,932 Hengshan Rd,Xuhui District,200030,Shanghai,CN,http://www.chinasspp.com/brand/2793/,,+86 21 6448 3013,31.1952075,121.4389433,"5CWQ+3H Xuhui District, Shanghai, China",Clothing store,,
Levi’s,"China, Shanghai, Yangpu District, 2500 Siping Road Yangpu Hualian",,"Yangpu Hualian, No. 2500 Siping Road",Yangpu District,,,CN,http://www.chinasspp.com/brand/2793/,,,31.298798,121.515714,"7GX8+G7 Yangpu District, Shanghai, China",Clothing store,,
Levi's,"China, CN Jiangsu Province Nantong Gangzha District Haoxi Road No. 299 299 Haoxi Road B106 Postal Code: 226003",Gangzha District,"CN Outlet Shopping Plaza B106, No. 299 Haoxi Road, 299 Haoxi Road, Nantong City, Jiangsu Province",Nantong,226003,,CN,,,,32.04076,120.85552,"2VR4+86 Gangzha District, Nantong, Jiangsu, China",Clothing store,,
Levi's,"108 Meier Blvd, Pudong, Shanghai, China, 201205",,108 Meier Blvd,Pudong,201205,Shanghai,CN,,,,31.13917,121.67869,"4MQH+MF Pudong, Shanghai, China",Clothing store,,